--------------------------------------------------------
--  File created - Friday-December-01-2017   
--------------------------------------------------------
-- Unable to render TABLE DDL for object TIME_TRACKER.CATEGORY with DBMS_METADATA attempting internal generator.
CREATE TABLE CATEGORY 
(
  CATEGORY_ID NUMBER(10, 0) NOT NULL 
, CATEGORY_NAME VARCHAR2(50 BYTE) NOT NULL 
, CREATE_DATE DATE DEFAULT SYSDATE NOT NULL 
, UPDATE_DATE DATE DEFAULT SYSDATE NOT NULL 
, TICKET_VERIFICATION_INFO VARCHAR2(200 BYTE) 
) 
LOGGING 
TABLESPACE SYSTEM 
PCTFREE 10 
PCTUSED 40 
INITRANS 1 
STORAGE 
( 
  INITIAL 65536 
  NEXT 1048576 
  MINEXTENTS 1 
  MAXEXTENTS UNLIMITED 
  FREELISTS 1 
  FREELIST GROUPS 1 
  BUFFER_POOL DEFAULT 
) 
NOPARALLELALTER TABLE CATEGORY
ADD CONSTRAINT CATEGORY_NAME_UNIQUE UNIQUE 
(
  CATEGORY_NAME 
)
USING INDEX CATEGORY_NAME_UNIQUE
ENABLEALTER TABLE CATEGORY
ADD CONSTRAINT CATEGORY_ID_PK PRIMARY KEY 
(
  CATEGORY_ID 
)
USING INDEX CATEGORY_ID_PK
ENABLECREATE UNIQUE INDEX CATEGORY_ID_PK ON CATEGORY (CATEGORY_ID ASC) 
LOGGING 
TABLESPACE SYSTEM 
PCTFREE 10 
INITRANS 2 
STORAGE 
( 
  INITIAL 65536 
  NEXT 1048576 
  MINEXTENTS 1 
  MAXEXTENTS UNLIMITED 
  FREELISTS 1 
  FREELIST GROUPS 1 
  BUFFER_POOL DEFAULT 
) 
NOPARALLEL
CREATE UNIQUE INDEX CATEGORY_NAME_UNIQUE ON CATEGORY (CATEGORY_NAME ASC) 
LOGGING 
TABLESPACE SYSTEM 
PCTFREE 10 
INITRANS 2 
STORAGE 
( 
  INITIAL 65536 
  NEXT 1048576 
  MINEXTENTS 1 
  MAXEXTENTS UNLIMITED 
  FREELISTS 1 
  FREELIST GROUPS 1 
  BUFFER_POOL DEFAULT 
) 
NOPARALLEL
-- Unable to render TABLE DDL for object TIME_TRACKER.MEDIUM with DBMS_METADATA attempting internal generator.
CREATE TABLE MEDIUM 
(
  MEDIUM_ID NUMBER(10, 0) NOT NULL 
, MEDIUM_NAME VARCHAR2(50 BYTE) NOT NULL 
, CREATE_DATE DATE DEFAULT SYSDATE NOT NULL 
, UPDATE_DATE DATE DEFAULT SYSDATE NOT NULL 
) 
LOGGING 
TABLESPACE SYSTEM 
PCTFREE 10 
PCTUSED 40 
INITRANS 1 
STORAGE 
( 
  INITIAL 65536 
  NEXT 1048576 
  MINEXTENTS 1 
  MAXEXTENTS UNLIMITED 
  FREELISTS 1 
  FREELIST GROUPS 1 
  BUFFER_POOL DEFAULT 
) 
NOPARALLELALTER TABLE MEDIUM
ADD CONSTRAINT MEDIUM_NAME_UNIQUE UNIQUE 
(
  MEDIUM_NAME 
)
USING INDEX MEDIUM_NAME_UNIQUE
ENABLEALTER TABLE MEDIUM
ADD CONSTRAINT MEDIUM_ID_PK PRIMARY KEY 
(
  MEDIUM_ID 
)
USING INDEX MEDIUM_ID_PK
ENABLECREATE UNIQUE INDEX MEDIUM_ID_PK ON MEDIUM (MEDIUM_ID ASC) 
LOGGING 
TABLESPACE SYSTEM 
PCTFREE 10 
INITRANS 2 
STORAGE 
( 
  INITIAL 65536 
  NEXT 1048576 
  MINEXTENTS 1 
  MAXEXTENTS UNLIMITED 
  FREELISTS 1 
  FREELIST GROUPS 1 
  BUFFER_POOL DEFAULT 
) 
NOPARALLEL
CREATE UNIQUE INDEX MEDIUM_NAME_UNIQUE ON MEDIUM (MEDIUM_NAME ASC) 
LOGGING 
TABLESPACE SYSTEM 
PCTFREE 10 
INITRANS 2 
STORAGE 
( 
  INITIAL 65536 
  NEXT 1048576 
  MINEXTENTS 1 
  MAXEXTENTS UNLIMITED 
  FREELISTS 1 
  FREELIST GROUPS 1 
  BUFFER_POOL DEFAULT 
) 
NOPARALLEL
-- Unable to render TABLE DDL for object TIME_TRACKER.SUBTYPE with DBMS_METADATA attempting internal generator.
CREATE TABLE SUBTYPE 
(
  SUBTYPE_ID NUMBER(10, 0) NOT NULL 
, SUBTYPE_NAME VARCHAR2(50 BYTE) NOT NULL 
, CREATE_DATE DATE DEFAULT SYSDATE NOT NULL 
, UPDATE_DATE DATE DEFAULT SYSDATE NOT NULL 
) 
LOGGING 
TABLESPACE SYSTEM 
PCTFREE 10 
PCTUSED 40 
INITRANS 1 
STORAGE 
( 
  INITIAL 65536 
  NEXT 1048576 
  MINEXTENTS 1 
  MAXEXTENTS UNLIMITED 
  FREELISTS 1 
  FREELIST GROUPS 1 
  BUFFER_POOL DEFAULT 
) 
NOPARALLELALTER TABLE SUBTYPE
ADD CONSTRAINT SUBTYPE_NAME_UNIQUE UNIQUE 
(
  SUBTYPE_NAME 
)
USING INDEX SUBTYPE_NAME_UNIQUE
ENABLEALTER TABLE SUBTYPE
ADD CONSTRAINT SUBTYPE_ID_PK PRIMARY KEY 
(
  SUBTYPE_ID 
)
USING INDEX SUBTYPE_ID_PK
ENABLECREATE UNIQUE INDEX SUBTYPE_ID_PK ON SUBTYPE (SUBTYPE_ID ASC) 
LOGGING 
TABLESPACE SYSTEM 
PCTFREE 10 
INITRANS 2 
STORAGE 
( 
  INITIAL 65536 
  NEXT 1048576 
  MINEXTENTS 1 
  MAXEXTENTS UNLIMITED 
  FREELISTS 1 
  FREELIST GROUPS 1 
  BUFFER_POOL DEFAULT 
) 
NOPARALLEL
CREATE UNIQUE INDEX SUBTYPE_NAME_UNIQUE ON SUBTYPE (SUBTYPE_NAME ASC) 
LOGGING 
TABLESPACE SYSTEM 
PCTFREE 10 
INITRANS 2 
STORAGE 
( 
  INITIAL 65536 
  NEXT 1048576 
  MINEXTENTS 1 
  MAXEXTENTS UNLIMITED 
  FREELISTS 1 
  FREELIST GROUPS 1 
  BUFFER_POOL DEFAULT 
) 
NOPARALLEL
-- Unable to render TABLE DDL for object TIME_TRACKER.TASKS with DBMS_METADATA attempting internal generator.
ALTER TABLE TASKS
ADD CONSTRAINT FK_CATEGORY_ID FOREIGN KEY
(
  CATEGORY_ID 
)
REFERENCES CATEGORY
(
  CATEGORY_ID 
)
ENABLE
ALTER TABLE TASKS
ADD CONSTRAINT FK_MEDIUM_ID FOREIGN KEY
(
  MEDIUM_ID 
)
REFERENCES MEDIUM
(
  MEDIUM_ID 
)
ENABLE
ALTER TABLE TASKS
ADD CONSTRAINT FK_SUBTYPE_ID FOREIGN KEY
(
  SUBTYPE_ID 
)
REFERENCES SUBTYPE
(
  SUBTYPE_ID 
)
ENABLE
ALTER TABLE TASKS
ADD CONSTRAINT FK_TASK_TYPE_ID FOREIGN KEY
(
  TASK_TYPE_ID 
)
REFERENCES TASK_TYPE
(
  TASK_TYPE_ID 
)
ENABLE
ALTER TABLE TASKS
ADD CONSTRAINT FK_TIKET_ID FOREIGN KEY
(
  TICKET_ID 
)
REFERENCES TICKET
(
  TICKET_ID 
)
ENABLE
ALTER TABLE TASKS
ADD CONSTRAINT FK_USERNAME FOREIGN KEY
(
  USERNAME 
)
REFERENCES USERS
(
  USERNAME 
)
ENABLECREATE TABLE TASKS 
(
  TASK_ID NUMBER(10, 0) NOT NULL 
, USERNAME VARCHAR2(50 BYTE) NOT NULL 
, CATEGORY_ID NUMBER(10, 0) NOT NULL 
, TASK_TYPE_ID NUMBER(10, 0) NOT NULL 
, TICKET_ID NUMBER(10, 0) 
, HOURS NUMBER(5, 2) NOT NULL 
, TASK_DATE DATE DEFAULT SYSDATE NOT NULL 
, CREATE_DATE DATE DEFAULT SYSDATE NOT NULL 
, UPDATE_DATE DATE DEFAULT SYSDATE NOT NULL 
, COMMENTS VARCHAR2(100 BYTE) 
, MEDIUM_ID NUMBER(10, 0) NOT NULL 
, SUBTYPE_ID NUMBER(10, 0) NOT NULL 
) 
LOGGING 
TABLESPACE SYSTEM 
PCTFREE 10 
PCTUSED 40 
INITRANS 1 
STORAGE 
( 
  INITIAL 65536 
  NEXT 1048576 
  MINEXTENTS 1 
  MAXEXTENTS UNLIMITED 
  FREELISTS 1 
  FREELIST GROUPS 1 
  BUFFER_POOL DEFAULT 
) 
NOPARALLELALTER TABLE TASKS
ADD CONSTRAINT TASK_ID_PK PRIMARY KEY 
(
  TASK_ID 
)
USING INDEX TASK_ID_PK
ENABLECREATE UNIQUE INDEX TASK_ID_PK ON TASKS (TASK_ID ASC) 
LOGGING 
TABLESPACE SYSTEM 
PCTFREE 10 
INITRANS 2 
STORAGE 
( 
  INITIAL 65536 
  NEXT 1048576 
  MINEXTENTS 1 
  MAXEXTENTS UNLIMITED 
  FREELISTS 1 
  FREELIST GROUPS 1 
  BUFFER_POOL DEFAULT 
) 
NOPARALLEL
-- Unable to render TABLE DDL for object TIME_TRACKER.TASK_TYPE with DBMS_METADATA attempting internal generator.
CREATE TABLE TASK_TYPE 
(
  TASK_TYPE_ID NUMBER(10, 0) NOT NULL 
, TASK_TYPE_NAME VARCHAR2(50 BYTE) NOT NULL 
, CREATE_DATE DATE DEFAULT SYSDATE NOT NULL 
, UPDATE_DATE DATE DEFAULT SYSDATE NOT NULL 
) 
LOGGING 
TABLESPACE SYSTEM 
PCTFREE 10 
PCTUSED 40 
INITRANS 1 
STORAGE 
( 
  INITIAL 65536 
  NEXT 1048576 
  MINEXTENTS 1 
  MAXEXTENTS UNLIMITED 
  FREELISTS 1 
  FREELIST GROUPS 1 
  BUFFER_POOL DEFAULT 
) 
NOPARALLELALTER TABLE TASK_TYPE
ADD CONSTRAINT TASK_TYPE_NAME_UNIQUE UNIQUE 
(
  TASK_TYPE_NAME 
)
USING INDEX TASK_TYPE_NAME_UNIQUE
ENABLEALTER TABLE TASK_TYPE
ADD CONSTRAINT TASK_TYPE_ID_PK PRIMARY KEY 
(
  TASK_TYPE_ID 
)
USING INDEX TASK_TYPE_ID_PK
ENABLECREATE UNIQUE INDEX TASK_TYPE_ID_PK ON TASK_TYPE (TASK_TYPE_ID ASC) 
LOGGING 
TABLESPACE SYSTEM 
PCTFREE 10 
INITRANS 2 
STORAGE 
( 
  INITIAL 65536 
  NEXT 1048576 
  MINEXTENTS 1 
  MAXEXTENTS UNLIMITED 
  FREELISTS 1 
  FREELIST GROUPS 1 
  BUFFER_POOL DEFAULT 
) 
NOPARALLEL
CREATE UNIQUE INDEX TASK_TYPE_NAME_UNIQUE ON TASK_TYPE (TASK_TYPE_NAME ASC) 
LOGGING 
TABLESPACE SYSTEM 
PCTFREE 10 
INITRANS 2 
STORAGE 
( 
  INITIAL 65536 
  NEXT 1048576 
  MINEXTENTS 1 
  MAXEXTENTS UNLIMITED 
  FREELISTS 1 
  FREELIST GROUPS 1 
  BUFFER_POOL DEFAULT 
) 
NOPARALLEL
-- Unable to render TABLE DDL for object TIME_TRACKER.TICKET with DBMS_METADATA attempting internal generator.
ALTER TABLE TICKET
ADD CONSTRAINT FK_CATEGORY_NAME FOREIGN KEY
(
  CATEGORY_NAME 
)
REFERENCES CATEGORY
(
  CATEGORY_NAME 
)
ENABLECREATE TABLE TICKET 
(
  TICKET_ID NUMBER(10, 0) NOT NULL 
, INCIDENT_ID VARCHAR2(30 BYTE) NOT NULL 
, TIKET_DESCRIPTION VARCHAR2(200 BYTE) NOT NULL 
, CATEGORY_NAME VARCHAR2(50 BYTE) NOT NULL 
, ASSIGNED_GROUP VARCHAR2(50 BYTE) 
, CREATE_DATE DATE DEFAULT SYSDATE NOT NULL 
, UPDATE_DATE DATE DEFAULT SYSDATE NOT NULL 
, TICKET_CREATED_DATE DATE 
) 
LOGGING 
TABLESPACE SYSTEM 
PCTFREE 10 
PCTUSED 40 
INITRANS 1 
STORAGE 
( 
  INITIAL 65536 
  NEXT 1048576 
  MINEXTENTS 1 
  MAXEXTENTS UNLIMITED 
  FREELISTS 1 
  FREELIST GROUPS 1 
  BUFFER_POOL DEFAULT 
) 
NOPARALLELALTER TABLE TICKET
ADD CONSTRAINT INCIDENT_ID_UNIQUE UNIQUE 
(
  INCIDENT_ID 
, CATEGORY_NAME 
)
USING INDEX INCIDENT_ID_UNIQUE
ENABLEALTER TABLE TICKET
ADD CONSTRAINT TIKET_ID_PK PRIMARY KEY 
(
  TICKET_ID 
)
USING INDEX TIKET_ID_PK
ENABLECREATE UNIQUE INDEX INCIDENT_ID_UNIQUE ON TICKET (INCIDENT_ID ASC, CATEGORY_NAME ASC) 
LOGGING 
TABLESPACE SYSTEM 
PCTFREE 10 
INITRANS 2 
STORAGE 
( 
  INITIAL 65536 
  NEXT 1048576 
  MINEXTENTS 1 
  MAXEXTENTS UNLIMITED 
  FREELISTS 1 
  FREELIST GROUPS 1 
  BUFFER_POOL DEFAULT 
) 
NOPARALLEL
CREATE UNIQUE INDEX TIKET_ID_PK ON TICKET (TICKET_ID ASC) 
LOGGING 
TABLESPACE SYSTEM 
PCTFREE 10 
INITRANS 2 
STORAGE 
( 
  INITIAL 65536 
  NEXT 1048576 
  MINEXTENTS 1 
  MAXEXTENTS UNLIMITED 
  FREELISTS 1 
  FREELIST GROUPS 1 
  BUFFER_POOL DEFAULT 
) 
NOPARALLEL
-- Unable to render TABLE DDL for object TIME_TRACKER.USERS with DBMS_METADATA attempting internal generator.
ALTER TABLE USERS
ADD CONSTRAINT FK_USER_GROUP_ID FOREIGN KEY
(
  USER_GROUP_ID 
)
REFERENCES USER_GROUP
(
  USER_GROUP_ID 
)
ENABLECREATE TABLE USERS 
(
  USERNAME VARCHAR2(50 BYTE) NOT NULL 
, NAME VARCHAR2(50 BYTE) NOT NULL 
, DESIGNATION VARCHAR2(50 BYTE) NOT NULL 
, USER_GROUP_ID NUMBER(10, 0) NOT NULL 
, PASSWORD VARCHAR2(50 BYTE) NOT NULL 
, CREATE_DATE DATE DEFAULT SYSDATE NOT NULL 
, UPDATE_DATE DATE DEFAULT SYSDATE NOT NULL 
) 
LOGGING 
TABLESPACE SYSTEM 
PCTFREE 10 
PCTUSED 40 
INITRANS 1 
STORAGE 
( 
  INITIAL 65536 
  NEXT 1048576 
  MINEXTENTS 1 
  MAXEXTENTS UNLIMITED 
  FREELISTS 1 
  FREELIST GROUPS 1 
  BUFFER_POOL DEFAULT 
) 
NOPARALLELALTER TABLE USERS
ADD CONSTRAINT USERID_PK PRIMARY KEY 
(
  USERNAME 
)
USING INDEX USERID_PK
ENABLECREATE UNIQUE INDEX USERID_PK ON USERS (USERNAME ASC) 
LOGGING 
TABLESPACE SYSTEM 
PCTFREE 10 
INITRANS 2 
STORAGE 
( 
  INITIAL 65536 
  NEXT 1048576 
  MINEXTENTS 1 
  MAXEXTENTS UNLIMITED 
  FREELISTS 1 
  FREELIST GROUPS 1 
  BUFFER_POOL DEFAULT 
) 
NOPARALLEL
-- Unable to render TABLE DDL for object TIME_TRACKER.USER_GROUP with DBMS_METADATA attempting internal generator.
CREATE TABLE USER_GROUP 
(
  USER_GROUP_ID NUMBER(10, 0) NOT NULL 
, USER_GROUP_NAME VARCHAR2(50 BYTE) NOT NULL 
, CREATE_DATE DATE DEFAULT SYSDATE NOT NULL 
, UPDATE_DATE DATE DEFAULT SYSDATE NOT NULL 
) 
LOGGING 
TABLESPACE SYSTEM 
PCTFREE 10 
PCTUSED 40 
INITRANS 1 
STORAGE 
( 
  INITIAL 65536 
  NEXT 1048576 
  MINEXTENTS 1 
  MAXEXTENTS UNLIMITED 
  FREELISTS 1 
  FREELIST GROUPS 1 
  BUFFER_POOL DEFAULT 
) 
NOPARALLELALTER TABLE USER_GROUP
ADD CONSTRAINT USER_GROUP_NAME_UNIQUE UNIQUE 
(
  USER_GROUP_NAME 
)
USING INDEX USER_GROUP_NAME_UNIQUE
ENABLEALTER TABLE USER_GROUP
ADD CONSTRAINT USER_GROUP_ID_PK PRIMARY KEY 
(
  USER_GROUP_ID 
)
USING INDEX USER_GROUP_ID_PK
ENABLECREATE UNIQUE INDEX USER_GROUP_ID_PK ON USER_GROUP (USER_GROUP_ID ASC) 
LOGGING 
TABLESPACE SYSTEM 
PCTFREE 10 
INITRANS 2 
STORAGE 
( 
  INITIAL 65536 
  NEXT 1048576 
  MINEXTENTS 1 
  MAXEXTENTS UNLIMITED 
  FREELISTS 1 
  FREELIST GROUPS 1 
  BUFFER_POOL DEFAULT 
) 
NOPARALLEL
CREATE UNIQUE INDEX USER_GROUP_NAME_UNIQUE ON USER_GROUP (USER_GROUP_NAME ASC) 
LOGGING 
TABLESPACE SYSTEM 
PCTFREE 10 
INITRANS 2 
STORAGE 
( 
  INITIAL 65536 
  NEXT 1048576 
  MINEXTENTS 1 
  MAXEXTENTS UNLIMITED 
  FREELISTS 1 
  FREELIST GROUPS 1 
  BUFFER_POOL DEFAULT 
) 
NOPARALLEL
-- Unable to render SEQUENCE DDL for object TIME_TRACKER.TASKS_SEQ with DBMS_METADATA attempting internal generator.
CREATE SEQUENCE TASKS_SEQ INCREMENT BY 1 MAXVALUE 9999999999999999999999999999 MINVALUE 1 NOCACHE
-- Unable to render SEQUENCE DDL for object TIME_TRACKER.TASKS_TASK_ID_SEQ with DBMS_METADATA attempting internal generator.
CREATE SEQUENCE TASKS_TASK_ID_SEQ INCREMENT BY 1 MAXVALUE 9999999999999999999999999999 MINVALUE 1 CACHE 20
-- Unable to render SEQUENCE DDL for object TIME_TRACKER.TIKET_TIKET_ID_SEQ with DBMS_METADATA attempting internal generator.
CREATE SEQUENCE TIKET_TIKET_ID_SEQ INCREMENT BY 1 MAXVALUE 9999999999999999999999999999 MINVALUE 1 CACHE 20
REM INSERTING into TIME_TRACKER.CATEGORY
SET DEFINE OFF;
Insert into TIME_TRACKER.CATEGORY (CATEGORY_ID,CATEGORY_NAME,CREATE_DATE,UPDATE_DATE,TICKET_VERIFICATION_INFO) values (1,'ITSM TICKET',to_date('22-NOV-17','DD-MON-RR'),to_date('22-NOV-17','DD-MON-RR'),null);
Insert into TIME_TRACKER.CATEGORY (CATEGORY_ID,CATEGORY_NAME,CREATE_DATE,UPDATE_DATE,TICKET_VERIFICATION_INFO) values (2,'ITSM SERVICE REQUESTS',to_date('22-NOV-17','DD-MON-RR'),to_date('22-NOV-17','DD-MON-RR'),null);
Insert into TIME_TRACKER.CATEGORY (CATEGORY_ID,CATEGORY_NAME,CREATE_DATE,UPDATE_DATE,TICKET_VERIFICATION_INFO) values (3,'ITSM CHANGE REQUESTS',to_date('22-NOV-17','DD-MON-RR'),to_date('22-NOV-17','DD-MON-RR'),'TICKET,INCIDENT_ID,ASSIGNED_GROUP');
Insert into TIME_TRACKER.CATEGORY (CATEGORY_ID,CATEGORY_NAME,CREATE_DATE,UPDATE_DATE,TICKET_VERIFICATION_INFO) values (4,'ITSM WORK ORDERS',to_date('22-NOV-17','DD-MON-RR'),to_date('22-NOV-17','DD-MON-RR'),null);
Insert into TIME_TRACKER.CATEGORY (CATEGORY_ID,CATEGORY_NAME,CREATE_DATE,UPDATE_DATE,TICKET_VERIFICATION_INFO) values (5,'ITSM KNOWLEDGE OBJECTS',to_date('22-NOV-17','DD-MON-RR'),to_date('22-NOV-17','DD-MON-RR'),null);
Insert into TIME_TRACKER.CATEGORY (CATEGORY_ID,CATEGORY_NAME,CREATE_DATE,UPDATE_DATE,TICKET_VERIFICATION_INFO) values (6,'NOT A TICKET/OTHERS',to_date('22-NOV-17','DD-MON-RR'),to_date('22-NOV-17','DD-MON-RR'),null);
Insert into TIME_TRACKER.CATEGORY (CATEGORY_ID,CATEGORY_NAME,CREATE_DATE,UPDATE_DATE,TICKET_VERIFICATION_INFO) values (7,'QC Ticket/Defect',to_date('30-NOV-17','DD-MON-RR'),to_date('30-NOV-17','DD-MON-RR'),null);
REM INSERTING into TIME_TRACKER.MEDIUM
SET DEFINE OFF;
Insert into TIME_TRACKER.MEDIUM (MEDIUM_ID,MEDIUM_NAME,CREATE_DATE,UPDATE_DATE) values (1,'Internal Call',to_date('28-NOV-17','DD-MON-RR'),to_date('28-NOV-17','DD-MON-RR'));
Insert into TIME_TRACKER.MEDIUM (MEDIUM_ID,MEDIUM_NAME,CREATE_DATE,UPDATE_DATE) values (2,'Internal Email',to_date('28-NOV-17','DD-MON-RR'),to_date('28-NOV-17','DD-MON-RR'));
Insert into TIME_TRACKER.MEDIUM (MEDIUM_ID,MEDIUM_NAME,CREATE_DATE,UPDATE_DATE) values (3,'Internal Ticket',to_date('28-NOV-17','DD-MON-RR'),to_date('28-NOV-17','DD-MON-RR'));
Insert into TIME_TRACKER.MEDIUM (MEDIUM_ID,MEDIUM_NAME,CREATE_DATE,UPDATE_DATE) values (4,'Externall Call',to_date('28-NOV-17','DD-MON-RR'),to_date('28-NOV-17','DD-MON-RR'));
Insert into TIME_TRACKER.MEDIUM (MEDIUM_ID,MEDIUM_NAME,CREATE_DATE,UPDATE_DATE) values (5,'Externall Email',to_date('28-NOV-17','DD-MON-RR'),to_date('28-NOV-17','DD-MON-RR'));
Insert into TIME_TRACKER.MEDIUM (MEDIUM_ID,MEDIUM_NAME,CREATE_DATE,UPDATE_DATE) values (6,'Externall Ticket',to_date('28-NOV-17','DD-MON-RR'),to_date('28-NOV-17','DD-MON-RR'));
Insert into TIME_TRACKER.MEDIUM (MEDIUM_ID,MEDIUM_NAME,CREATE_DATE,UPDATE_DATE) values (7,'Proactive Check',to_date('28-NOV-17','DD-MON-RR'),to_date('28-NOV-17','DD-MON-RR'));
Insert into TIME_TRACKER.MEDIUM (MEDIUM_ID,MEDIUM_NAME,CREATE_DATE,UPDATE_DATE) values (9,'Automatic Report',to_date('28-NOV-17','DD-MON-RR'),to_date('28-NOV-17','DD-MON-RR'));
Insert into TIME_TRACKER.MEDIUM (MEDIUM_ID,MEDIUM_NAME,CREATE_DATE,UPDATE_DATE) values (10,'Customer meeting/Discussion',to_date('29-NOV-17','DD-MON-RR'),to_date('29-NOV-17','DD-MON-RR'));
Insert into TIME_TRACKER.MEDIUM (MEDIUM_ID,MEDIUM_NAME,CREATE_DATE,UPDATE_DATE) values (11,'Others',to_date('29-NOV-17','DD-MON-RR'),to_date('29-NOV-17','DD-MON-RR'));
REM INSERTING into TIME_TRACKER.SUBTYPE
SET DEFINE OFF;
Insert into TIME_TRACKER.SUBTYPE (SUBTYPE_ID,SUBTYPE_NAME,CREATE_DATE,UPDATE_DATE) values (1,'Data correction',to_date('28-NOV-17','DD-MON-RR'),to_date('28-NOV-17','DD-MON-RR'));
Insert into TIME_TRACKER.SUBTYPE (SUBTYPE_ID,SUBTYPE_NAME,CREATE_DATE,UPDATE_DATE) values (2,'Business Discussion',to_date('28-NOV-17','DD-MON-RR'),to_date('28-NOV-17','DD-MON-RR'));
Insert into TIME_TRACKER.SUBTYPE (SUBTYPE_ID,SUBTYPE_NAME,CREATE_DATE,UPDATE_DATE) values (3,'Investigation',to_date('28-NOV-17','DD-MON-RR'),to_date('28-NOV-17','DD-MON-RR'));
Insert into TIME_TRACKER.SUBTYPE (SUBTYPE_ID,SUBTYPE_NAME,CREATE_DATE,UPDATE_DATE) values (4,'Internal discussion',to_date('28-NOV-17','DD-MON-RR'),to_date('28-NOV-17','DD-MON-RR'));
Insert into TIME_TRACKER.SUBTYPE (SUBTYPE_ID,SUBTYPE_NAME,CREATE_DATE,UPDATE_DATE) values (5,'Customer Discussion',to_date('28-NOV-17','DD-MON-RR'),to_date('28-NOV-17','DD-MON-RR'));
Insert into TIME_TRACKER.SUBTYPE (SUBTYPE_ID,SUBTYPE_NAME,CREATE_DATE,UPDATE_DATE) values (6,'Config Fix',to_date('28-NOV-17','DD-MON-RR'),to_date('28-NOV-17','DD-MON-RR'));
Insert into TIME_TRACKER.SUBTYPE (SUBTYPE_ID,SUBTYPE_NAME,CREATE_DATE,UPDATE_DATE) values (7,'Impact Analysis',to_date('28-NOV-17','DD-MON-RR'),to_date('28-NOV-17','DD-MON-RR'));
Insert into TIME_TRACKER.SUBTYPE (SUBTYPE_ID,SUBTYPE_NAME,CREATE_DATE,UPDATE_DATE) values (8,'Reporting Update',to_date('28-NOV-17','DD-MON-RR'),to_date('28-NOV-17','DD-MON-RR'));
Insert into TIME_TRACKER.SUBTYPE (SUBTYPE_ID,SUBTYPE_NAME,CREATE_DATE,UPDATE_DATE) values (9,'Technical Review',to_date('28-NOV-17','DD-MON-RR'),to_date('28-NOV-17','DD-MON-RR'));
Insert into TIME_TRACKER.SUBTYPE (SUBTYPE_ID,SUBTYPE_NAME,CREATE_DATE,UPDATE_DATE) values (10,'Other Technical Activity',to_date('28-NOV-17','DD-MON-RR'),to_date('28-NOV-17','DD-MON-RR'));
Insert into TIME_TRACKER.SUBTYPE (SUBTYPE_ID,SUBTYPE_NAME,CREATE_DATE,UPDATE_DATE) values (11,'Handover',to_date('30-NOV-17','DD-MON-RR'),to_date('30-NOV-17','DD-MON-RR'));
Insert into TIME_TRACKER.SUBTYPE (SUBTYPE_ID,SUBTYPE_NAME,CREATE_DATE,UPDATE_DATE) values (12,'Training',to_date('30-NOV-17','DD-MON-RR'),to_date('30-NOV-17','DD-MON-RR'));
Insert into TIME_TRACKER.SUBTYPE (SUBTYPE_ID,SUBTYPE_NAME,CREATE_DATE,UPDATE_DATE) values (18,'Misc',to_date('30-NOV-17','DD-MON-RR'),to_date('30-NOV-17','DD-MON-RR'));
Insert into TIME_TRACKER.SUBTYPE (SUBTYPE_ID,SUBTYPE_NAME,CREATE_DATE,UPDATE_DATE) values (13,'Reports',to_date('30-NOV-17','DD-MON-RR'),to_date('30-NOV-17','DD-MON-RR'));
Insert into TIME_TRACKER.SUBTYPE (SUBTYPE_ID,SUBTYPE_NAME,CREATE_DATE,UPDATE_DATE) values (14,'KT Session',to_date('30-NOV-17','DD-MON-RR'),to_date('30-NOV-17','DD-MON-RR'));
Insert into TIME_TRACKER.SUBTYPE (SUBTYPE_ID,SUBTYPE_NAME,CREATE_DATE,UPDATE_DATE) values (15,'Coding/Development',to_date('30-NOV-17','DD-MON-RR'),to_date('30-NOV-17','DD-MON-RR'));
Insert into TIME_TRACKER.SUBTYPE (SUBTYPE_ID,SUBTYPE_NAME,CREATE_DATE,UPDATE_DATE) values (16,'Internal meeting',to_date('30-NOV-17','DD-MON-RR'),to_date('30-NOV-17','DD-MON-RR'));
Insert into TIME_TRACKER.SUBTYPE (SUBTYPE_ID,SUBTYPE_NAME,CREATE_DATE,UPDATE_DATE) values (17,'Quality/ audit activity',to_date('30-NOV-17','DD-MON-RR'),to_date('30-NOV-17','DD-MON-RR'));
REM INSERTING into TIME_TRACKER.TASKS
SET DEFINE OFF;
Insert into TIME_TRACKER.TASKS (TASK_ID,USERNAME,CATEGORY_ID,TASK_TYPE_ID,TICKET_ID,HOURS,TASK_DATE,CREATE_DATE,UPDATE_DATE,COMMENTS,MEDIUM_ID,SUBTYPE_ID) values (2202,'sujan',6,3,908,3,to_date('30-NOV-17','DD-MON-RR'),to_date('30-NOV-17','DD-MON-RR'),to_date('30-NOV-17','DD-MON-RR'),'cc',3,2);
Insert into TIME_TRACKER.TASKS (TASK_ID,USERNAME,CATEGORY_ID,TASK_TYPE_ID,TICKET_ID,HOURS,TASK_DATE,CREATE_DATE,UPDATE_DATE,COMMENTS,MEDIUM_ID,SUBTYPE_ID) values (2360,'sujan',1,4,953,22,to_date('01-DEC-17','DD-MON-RR'),to_date('01-DEC-17','DD-MON-RR'),to_date('01-DEC-17','DD-MON-RR'),'sdf',9,13);
Insert into TIME_TRACKER.TASKS (TASK_ID,USERNAME,CATEGORY_ID,TASK_TYPE_ID,TICKET_ID,HOURS,TASK_DATE,CREATE_DATE,UPDATE_DATE,COMMENTS,MEDIUM_ID,SUBTYPE_ID) values (2359,'sujan',6,4,null,43,to_date('01-DEC-17','DD-MON-RR'),to_date('01-DEC-17','DD-MON-RR'),to_date('01-DEC-17','DD-MON-RR'),'erte',9,13);
Insert into TIME_TRACKER.TASKS (TASK_ID,USERNAME,CATEGORY_ID,TASK_TYPE_ID,TICKET_ID,HOURS,TASK_DATE,CREATE_DATE,UPDATE_DATE,COMMENTS,MEDIUM_ID,SUBTYPE_ID) values (2361,'sujan',3,1,852,32,to_date('01-DEC-17','DD-MON-RR'),to_date('01-DEC-17','DD-MON-RR'),to_date('01-DEC-17','DD-MON-RR'),'asd',9,18);
Insert into TIME_TRACKER.TASKS (TASK_ID,USERNAME,CATEGORY_ID,TASK_TYPE_ID,TICKET_ID,HOURS,TASK_DATE,CREATE_DATE,UPDATE_DATE,COMMENTS,MEDIUM_ID,SUBTYPE_ID) values (2252,'sujan',6,5,null,32,to_date('30-NOV-17','DD-MON-RR'),to_date('30-NOV-17','DD-MON-RR'),to_date('30-NOV-17','DD-MON-RR'),'asd',2,4);
Insert into TIME_TRACKER.TASKS (TASK_ID,USERNAME,CATEGORY_ID,TASK_TYPE_ID,TICKET_ID,HOURS,TASK_DATE,CREATE_DATE,UPDATE_DATE,COMMENTS,MEDIUM_ID,SUBTYPE_ID) values (2300,'sujan',3,3,853,3,to_date('30-NOV-17','DD-MON-RR'),to_date('30-NOV-17','DD-MON-RR'),to_date('30-NOV-17','DD-MON-RR'),'asd',9,10);
Insert into TIME_TRACKER.TASKS (TASK_ID,USERNAME,CATEGORY_ID,TASK_TYPE_ID,TICKET_ID,HOURS,TASK_DATE,CREATE_DATE,UPDATE_DATE,COMMENTS,MEDIUM_ID,SUBTYPE_ID) values (2362,'sujan',3,1,852,342,to_date('01-DEC-17','DD-MON-RR'),to_date('01-DEC-17','DD-MON-RR'),to_date('01-DEC-17','DD-MON-RR'),'esdfs',9,18);
Insert into TIME_TRACKER.TASKS (TASK_ID,USERNAME,CATEGORY_ID,TASK_TYPE_ID,TICKET_ID,HOURS,TASK_DATE,CREATE_DATE,UPDATE_DATE,COMMENTS,MEDIUM_ID,SUBTYPE_ID) values (2363,'sujan',3,1,853,324,to_date('01-DEC-17','DD-MON-RR'),to_date('01-DEC-17','DD-MON-RR'),to_date('01-DEC-17','DD-MON-RR'),'werwe',9,18);
Insert into TIME_TRACKER.TASKS (TASK_ID,USERNAME,CATEGORY_ID,TASK_TYPE_ID,TICKET_ID,HOURS,TASK_DATE,CREATE_DATE,UPDATE_DATE,COMMENTS,MEDIUM_ID,SUBTYPE_ID) values (2364,'sujan',3,1,853,3,to_date('01-DEC-17','DD-MON-RR'),to_date('01-DEC-17','DD-MON-RR'),to_date('01-DEC-17','DD-MON-RR'),'sdfsd',9,18);
REM INSERTING into TIME_TRACKER.TASK_TYPE
SET DEFINE OFF;
Insert into TIME_TRACKER.TASK_TYPE (TASK_TYPE_ID,TASK_TYPE_NAME,CREATE_DATE,UPDATE_DATE) values (1,'Order Fallout',to_date('22-NOV-17','DD-MON-RR'),to_date('22-NOV-17','DD-MON-RR'));
Insert into TIME_TRACKER.TASK_TYPE (TASK_TYPE_ID,TASK_TYPE_NAME,CREATE_DATE,UPDATE_DATE) values (2,'Bill Processing',to_date('22-NOV-17','DD-MON-RR'),to_date('22-NOV-17','DD-MON-RR'));
Insert into TIME_TRACKER.TASK_TYPE (TASK_TYPE_ID,TASK_TYPE_NAME,CREATE_DATE,UPDATE_DATE) values (3,'Usage processing',to_date('22-NOV-17','DD-MON-RR'),to_date('22-NOV-17','DD-MON-RR'));
Insert into TIME_TRACKER.TASK_TYPE (TASK_TYPE_ID,TASK_TYPE_NAME,CREATE_DATE,UPDATE_DATE) values (4,'Provisioning',to_date('22-NOV-17','DD-MON-RR'),to_date('22-NOV-17','DD-MON-RR'));
Insert into TIME_TRACKER.TASK_TYPE (TASK_TYPE_ID,TASK_TYPE_NAME,CREATE_DATE,UPDATE_DATE) values (5,'Activation',to_date('22-NOV-17','DD-MON-RR'),to_date('22-NOV-17','DD-MON-RR'));
Insert into TIME_TRACKER.TASK_TYPE (TASK_TYPE_ID,TASK_TYPE_NAME,CREATE_DATE,UPDATE_DATE) values (6,'Financial reporting',to_date('22-NOV-17','DD-MON-RR'),to_date('22-NOV-17','DD-MON-RR'));
Insert into TIME_TRACKER.TASK_TYPE (TASK_TYPE_ID,TASK_TYPE_NAME,CREATE_DATE,UPDATE_DATE) values (7,'Subscriber Mgmt',to_date('22-NOV-17','DD-MON-RR'),to_date('22-NOV-17','DD-MON-RR'));
Insert into TIME_TRACKER.TASK_TYPE (TASK_TYPE_ID,TASK_TYPE_NAME,CREATE_DATE,UPDATE_DATE) values (8,'Service Interruption',to_date('22-NOV-17','DD-MON-RR'),to_date('22-NOV-17','DD-MON-RR'));
Insert into TIME_TRACKER.TASK_TYPE (TASK_TYPE_ID,TASK_TYPE_NAME,CREATE_DATE,UPDATE_DATE) values (9,'Catalog Mgmt',to_date('22-NOV-17','DD-MON-RR'),to_date('22-NOV-17','DD-MON-RR'));
Insert into TIME_TRACKER.TASK_TYPE (TASK_TYPE_ID,TASK_TYPE_NAME,CREATE_DATE,UPDATE_DATE) values (10,'Pricing, promotion and Discounts',to_date('22-NOV-17','DD-MON-RR'),to_date('22-NOV-17','DD-MON-RR'));
Insert into TIME_TRACKER.TASK_TYPE (TASK_TYPE_ID,TASK_TYPE_NAME,CREATE_DATE,UPDATE_DATE) values (11,'Performance',to_date('22-NOV-17','DD-MON-RR'),to_date('22-NOV-17','DD-MON-RR'));
Insert into TIME_TRACKER.TASK_TYPE (TASK_TYPE_ID,TASK_TYPE_NAME,CREATE_DATE,UPDATE_DATE) values (12,'Alert & Monitoring',to_date('22-NOV-17','DD-MON-RR'),to_date('22-NOV-17','DD-MON-RR'));
Insert into TIME_TRACKER.TASK_TYPE (TASK_TYPE_ID,TASK_TYPE_NAME,CREATE_DATE,UPDATE_DATE) values (13,'Access Mgmt',to_date('22-NOV-17','DD-MON-RR'),to_date('22-NOV-17','DD-MON-RR'));
REM INSERTING into TIME_TRACKER.TICKET
SET DEFINE OFF;
Insert into TIME_TRACKER.TICKET (TICKET_ID,INCIDENT_ID,TIKET_DESCRIPTION,CATEGORY_NAME,ASSIGNED_GROUP,CREATE_DATE,UPDATE_DATE,TICKET_CREATED_DATE) values (819,'CRQ000000020023',' ','ITSM TICKET','IAM',to_date('29-NOV-17','DD-MON-RR'),to_date('29-NOV-17','DD-MON-RR'),null);
Insert into TIME_TRACKER.TICKET (TICKET_ID,INCIDENT_ID,TIKET_DESCRIPTION,CATEGORY_NAME,ASSIGNED_GROUP,CREATE_DATE,UPDATE_DATE,TICKET_CREATED_DATE) values (820,'CRQ000000019915',' ','ITSM TICKET','IAM',to_date('29-NOV-17','DD-MON-RR'),to_date('29-NOV-17','DD-MON-RR'),null);
Insert into TIME_TRACKER.TICKET (TICKET_ID,INCIDENT_ID,TIKET_DESCRIPTION,CATEGORY_NAME,ASSIGNED_GROUP,CREATE_DATE,UPDATE_DATE,TICKET_CREATED_DATE) values (850,'CRQ000000020002',' ','ITSM TICKET','IAM',to_date('29-NOV-17','DD-MON-RR'),to_date('29-NOV-17','DD-MON-RR'),null);
Insert into TIME_TRACKER.TICKET (TICKET_ID,INCIDENT_ID,TIKET_DESCRIPTION,CATEGORY_NAME,ASSIGNED_GROUP,CREATE_DATE,UPDATE_DATE,TICKET_CREATED_DATE) values (851,'CRQ000000019805',' ','ITSM CHANGE REQUESTS','AUXDB',to_date('29-NOV-17','DD-MON-RR'),to_date('29-NOV-17','DD-MON-RR'),null);
Insert into TIME_TRACKER.TICKET (TICKET_ID,INCIDENT_ID,TIKET_DESCRIPTION,CATEGORY_NAME,ASSIGNED_GROUP,CREATE_DATE,UPDATE_DATE,TICKET_CREATED_DATE) values (852,'CRQ000000019850',' ','ITSM CHANGE REQUESTS','IAM',to_date('29-NOV-17','DD-MON-RR'),to_date('29-NOV-17','DD-MON-RR'),null);
Insert into TIME_TRACKER.TICKET (TICKET_ID,INCIDENT_ID,TIKET_DESCRIPTION,CATEGORY_NAME,ASSIGNED_GROUP,CREATE_DATE,UPDATE_DATE,TICKET_CREATED_DATE) values (853,'CRQ000000019915',' ','ITSM CHANGE REQUESTS','AUXDB',to_date('29-NOV-17','DD-MON-RR'),to_date('29-NOV-17','DD-MON-RR'),null);
Insert into TIME_TRACKER.TICKET (TICKET_ID,INCIDENT_ID,TIKET_DESCRIPTION,CATEGORY_NAME,ASSIGNED_GROUP,CREATE_DATE,UPDATE_DATE,TICKET_CREATED_DATE) values (854,'CRQ000000020021',' ','ITSM TICKET','IAM',to_date('29-NOV-17','DD-MON-RR'),to_date('29-NOV-17','DD-MON-RR'),null);
Insert into TIME_TRACKER.TICKET (TICKET_ID,INCIDENT_ID,TIKET_DESCRIPTION,CATEGORY_NAME,ASSIGNED_GROUP,CREATE_DATE,UPDATE_DATE,TICKET_CREATED_DATE) values (900,'CRQ000000019850',' ','ITSM SERVICE REQUESTS','AUXDB',to_date('30-NOV-17','DD-MON-RR'),to_date('30-NOV-17','DD-MON-RR'),null);
Insert into TIME_TRACKER.TICKET (TICKET_ID,INCIDENT_ID,TIKET_DESCRIPTION,CATEGORY_NAME,ASSIGNED_GROUP,CREATE_DATE,UPDATE_DATE,TICKET_CREATED_DATE) values (904,'CRQ000000019915',' ','ITSM SERVICE REQUESTS','IAM',to_date('30-NOV-17','DD-MON-RR'),to_date('30-NOV-17','DD-MON-RR'),null);
Insert into TIME_TRACKER.TICKET (TICKET_ID,INCIDENT_ID,TIKET_DESCRIPTION,CATEGORY_NAME,ASSIGNED_GROUP,CREATE_DATE,UPDATE_DATE,TICKET_CREATED_DATE) values (908,'CRQ000000019915',' ','NOT A TICKET/OTHERS','AUXDB',to_date('30-NOV-17','DD-MON-RR'),to_date('30-NOV-17','DD-MON-RR'),null);
Insert into TIME_TRACKER.TICKET (TICKET_ID,INCIDENT_ID,TIKET_DESCRIPTION,CATEGORY_NAME,ASSIGNED_GROUP,CREATE_DATE,UPDATE_DATE,TICKET_CREATED_DATE) values (950,'CRQ000000020029',' ','ITSM TICKET','AUXDB',to_date('01-DEC-17','DD-MON-RR'),to_date('01-DEC-17','DD-MON-RR'),null);
Insert into TIME_TRACKER.TICKET (TICKET_ID,INCIDENT_ID,TIKET_DESCRIPTION,CATEGORY_NAME,ASSIGNED_GROUP,CREATE_DATE,UPDATE_DATE,TICKET_CREATED_DATE) values (951,'CRQ000000020030',' ','ITSM CHANGE REQUESTS','IAM',to_date('01-DEC-17','DD-MON-RR'),to_date('01-DEC-17','DD-MON-RR'),null);
Insert into TIME_TRACKER.TICKET (TICKET_ID,INCIDENT_ID,TIKET_DESCRIPTION,CATEGORY_NAME,ASSIGNED_GROUP,CREATE_DATE,UPDATE_DATE,TICKET_CREATED_DATE) values (952,'CRQ000000020025',' ','ITSM CHANGE REQUESTS','IAM',to_date('01-DEC-17','DD-MON-RR'),to_date('01-DEC-17','DD-MON-RR'),null);
Insert into TIME_TRACKER.TICKET (TICKET_ID,INCIDENT_ID,TIKET_DESCRIPTION,CATEGORY_NAME,ASSIGNED_GROUP,CREATE_DATE,UPDATE_DATE,TICKET_CREATED_DATE) values (953,'CRQ000000019805',' ','ITSM TICKET','IAM',to_date('01-DEC-17','DD-MON-RR'),to_date('01-DEC-17','DD-MON-RR'),null);
Insert into TIME_TRACKER.TICKET (TICKET_ID,INCIDENT_ID,TIKET_DESCRIPTION,CATEGORY_NAME,ASSIGNED_GROUP,CREATE_DATE,UPDATE_DATE,TICKET_CREATED_DATE) values (812,'CRQ000000019850',' ','ITSM TICKET','IAM',to_date('29-NOV-17','DD-MON-RR'),to_date('29-NOV-17','DD-MON-RR'),null);
REM INSERTING into TIME_TRACKER.USERS
SET DEFINE OFF;
Insert into TIME_TRACKER.USERS (USERNAME,NAME,DESIGNATION,USER_GROUP_ID,PASSWORD,CREATE_DATE,UPDATE_DATE) values ('sujan','sujan','Engineer II',1,'123',to_date('22-NOV-17','DD-MON-RR'),to_date('22-NOV-17','DD-MON-RR'));
Insert into TIME_TRACKER.USERS (USERNAME,NAME,DESIGNATION,USER_GROUP_ID,PASSWORD,CREATE_DATE,UPDATE_DATE) values ('jhon','jhon','Engineer II',1,'456',to_date('27-NOV-17','DD-MON-RR'),to_date('27-NOV-17','DD-MON-RR'));
Insert into TIME_TRACKER.USERS (USERNAME,NAME,DESIGNATION,USER_GROUP_ID,PASSWORD,CREATE_DATE,UPDATE_DATE) values ('test','test','Engineer II',1,'123',to_date('29-NOV-17','DD-MON-RR'),to_date('29-NOV-17','DD-MON-RR'));
REM INSERTING into TIME_TRACKER.USER_GROUP
SET DEFINE OFF;
Insert into TIME_TRACKER.USER_GROUP (USER_GROUP_ID,USER_GROUP_NAME,CREATE_DATE,UPDATE_DATE) values (1,'Default',to_date('22-NOV-17','DD-MON-RR'),to_date('22-NOV-17','DD-MON-RR'));
-- Unable to render INDEX DDL for object TIME_TRACKER.TASK_ID_PK with DBMS_METADATA attempting internal generator.
CREATE UNIQUE INDEX TASK_ID_PK ON TASKS (TASK_ID ASC) 
LOGGING 
TABLESPACE SYSTEM 
PCTFREE 10 
INITRANS 2 
STORAGE 
( 
  INITIAL 65536 
  NEXT 1048576 
  MINEXTENTS 1 
  MAXEXTENTS UNLIMITED 
  FREELISTS 1 
  FREELIST GROUPS 1 
  BUFFER_POOL DEFAULT 
) 
NOPARALLEL
-- Unable to render INDEX DDL for object TIME_TRACKER.CATEGORY_NAME_UNIQUE with DBMS_METADATA attempting internal generator.
CREATE UNIQUE INDEX CATEGORY_NAME_UNIQUE ON CATEGORY (CATEGORY_NAME ASC) 
LOGGING 
TABLESPACE SYSTEM 
PCTFREE 10 
INITRANS 2 
STORAGE 
( 
  INITIAL 65536 
  NEXT 1048576 
  MINEXTENTS 1 
  MAXEXTENTS UNLIMITED 
  FREELISTS 1 
  FREELIST GROUPS 1 
  BUFFER_POOL DEFAULT 
) 
NOPARALLEL
-- Unable to render INDEX DDL for object TIME_TRACKER.CATEGORY_ID_PK with DBMS_METADATA attempting internal generator.
CREATE UNIQUE INDEX CATEGORY_ID_PK ON CATEGORY (CATEGORY_ID ASC) 
LOGGING 
TABLESPACE SYSTEM 
PCTFREE 10 
INITRANS 2 
STORAGE 
( 
  INITIAL 65536 
  NEXT 1048576 
  MINEXTENTS 1 
  MAXEXTENTS UNLIMITED 
  FREELISTS 1 
  FREELIST GROUPS 1 
  BUFFER_POOL DEFAULT 
) 
NOPARALLEL
-- Unable to render INDEX DDL for object TIME_TRACKER.TASK_TYPE_NAME_UNIQUE with DBMS_METADATA attempting internal generator.
CREATE UNIQUE INDEX TASK_TYPE_NAME_UNIQUE ON TASK_TYPE (TASK_TYPE_NAME ASC) 
LOGGING 
TABLESPACE SYSTEM 
PCTFREE 10 
INITRANS 2 
STORAGE 
( 
  INITIAL 65536 
  NEXT 1048576 
  MINEXTENTS 1 
  MAXEXTENTS UNLIMITED 
  FREELISTS 1 
  FREELIST GROUPS 1 
  BUFFER_POOL DEFAULT 
) 
NOPARALLEL
-- Unable to render INDEX DDL for object TIME_TRACKER.INCIDENT_ID_UNIQUE with DBMS_METADATA attempting internal generator.
CREATE UNIQUE INDEX INCIDENT_ID_UNIQUE ON TICKET (INCIDENT_ID ASC, CATEGORY_NAME ASC) 
LOGGING 
TABLESPACE SYSTEM 
PCTFREE 10 
INITRANS 2 
STORAGE 
( 
  INITIAL 65536 
  NEXT 1048576 
  MINEXTENTS 1 
  MAXEXTENTS UNLIMITED 
  FREELISTS 1 
  FREELIST GROUPS 1 
  BUFFER_POOL DEFAULT 
) 
NOPARALLEL
-- Unable to render INDEX DDL for object TIME_TRACKER.MEDIUM_NAME_UNIQUE with DBMS_METADATA attempting internal generator.
CREATE UNIQUE INDEX MEDIUM_NAME_UNIQUE ON MEDIUM (MEDIUM_NAME ASC) 
LOGGING 
TABLESPACE SYSTEM 
PCTFREE 10 
INITRANS 2 
STORAGE 
( 
  INITIAL 65536 
  NEXT 1048576 
  MINEXTENTS 1 
  MAXEXTENTS UNLIMITED 
  FREELISTS 1 
  FREELIST GROUPS 1 
  BUFFER_POOL DEFAULT 
) 
NOPARALLEL
-- Unable to render INDEX DDL for object TIME_TRACKER.TIKET_ID_PK with DBMS_METADATA attempting internal generator.
CREATE UNIQUE INDEX TIKET_ID_PK ON TICKET (TICKET_ID ASC) 
LOGGING 
TABLESPACE SYSTEM 
PCTFREE 10 
INITRANS 2 
STORAGE 
( 
  INITIAL 65536 
  NEXT 1048576 
  MINEXTENTS 1 
  MAXEXTENTS UNLIMITED 
  FREELISTS 1 
  FREELIST GROUPS 1 
  BUFFER_POOL DEFAULT 
) 
NOPARALLEL
-- Unable to render INDEX DDL for object TIME_TRACKER.MEDIUM_ID_PK with DBMS_METADATA attempting internal generator.
CREATE UNIQUE INDEX MEDIUM_ID_PK ON MEDIUM (MEDIUM_ID ASC) 
LOGGING 
TABLESPACE SYSTEM 
PCTFREE 10 
INITRANS 2 
STORAGE 
( 
  INITIAL 65536 
  NEXT 1048576 
  MINEXTENTS 1 
  MAXEXTENTS UNLIMITED 
  FREELISTS 1 
  FREELIST GROUPS 1 
  BUFFER_POOL DEFAULT 
) 
NOPARALLEL
-- Unable to render INDEX DDL for object TIME_TRACKER.USERID_PK with DBMS_METADATA attempting internal generator.
CREATE UNIQUE INDEX USERID_PK ON USERS (USERNAME ASC) 
LOGGING 
TABLESPACE SYSTEM 
PCTFREE 10 
INITRANS 2 
STORAGE 
( 
  INITIAL 65536 
  NEXT 1048576 
  MINEXTENTS 1 
  MAXEXTENTS UNLIMITED 
  FREELISTS 1 
  FREELIST GROUPS 1 
  BUFFER_POOL DEFAULT 
) 
NOPARALLEL
-- Unable to render INDEX DDL for object TIME_TRACKER.SUBTYPE_NAME_UNIQUE with DBMS_METADATA attempting internal generator.
CREATE UNIQUE INDEX SUBTYPE_NAME_UNIQUE ON SUBTYPE (SUBTYPE_NAME ASC) 
LOGGING 
TABLESPACE SYSTEM 
PCTFREE 10 
INITRANS 2 
STORAGE 
( 
  INITIAL 65536 
  NEXT 1048576 
  MINEXTENTS 1 
  MAXEXTENTS UNLIMITED 
  FREELISTS 1 
  FREELIST GROUPS 1 
  BUFFER_POOL DEFAULT 
) 
NOPARALLEL
-- Unable to render INDEX DDL for object TIME_TRACKER.TASK_TYPE_ID_PK with DBMS_METADATA attempting internal generator.
CREATE UNIQUE INDEX TASK_TYPE_ID_PK ON TASK_TYPE (TASK_TYPE_ID ASC) 
LOGGING 
TABLESPACE SYSTEM 
PCTFREE 10 
INITRANS 2 
STORAGE 
( 
  INITIAL 65536 
  NEXT 1048576 
  MINEXTENTS 1 
  MAXEXTENTS UNLIMITED 
  FREELISTS 1 
  FREELIST GROUPS 1 
  BUFFER_POOL DEFAULT 
) 
NOPARALLEL
-- Unable to render INDEX DDL for object TIME_TRACKER.SUBTYPE_ID_PK with DBMS_METADATA attempting internal generator.
CREATE UNIQUE INDEX SUBTYPE_ID_PK ON SUBTYPE (SUBTYPE_ID ASC) 
LOGGING 
TABLESPACE SYSTEM 
PCTFREE 10 
INITRANS 2 
STORAGE 
( 
  INITIAL 65536 
  NEXT 1048576 
  MINEXTENTS 1 
  MAXEXTENTS UNLIMITED 
  FREELISTS 1 
  FREELIST GROUPS 1 
  BUFFER_POOL DEFAULT 
) 
NOPARALLEL
-- Unable to render INDEX DDL for object TIME_TRACKER.USER_GROUP_ID_PK with DBMS_METADATA attempting internal generator.
CREATE UNIQUE INDEX USER_GROUP_ID_PK ON USER_GROUP (USER_GROUP_ID ASC) 
LOGGING 
TABLESPACE SYSTEM 
PCTFREE 10 
INITRANS 2 
STORAGE 
( 
  INITIAL 65536 
  NEXT 1048576 
  MINEXTENTS 1 
  MAXEXTENTS UNLIMITED 
  FREELISTS 1 
  FREELIST GROUPS 1 
  BUFFER_POOL DEFAULT 
) 
NOPARALLEL
-- Unable to render INDEX DDL for object TIME_TRACKER.USER_GROUP_NAME_UNIQUE with DBMS_METADATA attempting internal generator.
CREATE UNIQUE INDEX USER_GROUP_NAME_UNIQUE ON USER_GROUP (USER_GROUP_NAME ASC) 
LOGGING 
TABLESPACE SYSTEM 
PCTFREE 10 
INITRANS 2 
STORAGE 
( 
  INITIAL 65536 
  NEXT 1048576 
  MINEXTENTS 1 
  MAXEXTENTS UNLIMITED 
  FREELISTS 1 
  FREELIST GROUPS 1 
  BUFFER_POOL DEFAULT 
) 
NOPARALLEL
