--------------------------------------------------------
--  File created - Monday-November-27-2017   
--------------------------------------------------------
-- Unable to render TABLE DDL for object TIME_TRACKER.CATEGORY with DBMS_METADATA attempting internal generator.
ALTER TABLE CATEGORY
ADD CONSTRAINT CATEGORY_NAME_UNIQUE UNIQUE 
(
  CATEGORY_NAME 
)
USING INDEX CATEGORY_NAME_UNIQUE
ENABLECREATE TABLE CATEGORY 
(
  CATEGORY_ID NUMBER(10, 0) NOT NULL 
, CATEGORY_NAME VARCHAR2(50 BYTE) NOT NULL 
, CREATE_DATE DATE DEFAULT SYSDATE NOT NULL 
, UPDATE_DATE DATE DEFAULT SYSDATE NOT NULL 
) 
LOGGING 
TABLESPACE SYSTEM 
PCTFREE 10 
PCTUSED 40 
INITRANS 1 
STORAGE 
( 
  INITIAL 65536 
  NEXT 1048576 
  MINEXTENTS 1 
  MAXEXTENTS UNLIMITED 
  FREELISTS 1 
  FREELIST GROUPS 1 
  BUFFER_POOL DEFAULT 
) 
NOPARALLELCREATE UNIQUE INDEX CATEGORY_ID_PK ON CATEGORY (CATEGORY_ID ASC) 
LOGGING 
TABLESPACE SYSTEM 
PCTFREE 10 
INITRANS 2 
STORAGE 
( 
  INITIAL 65536 
  NEXT 1048576 
  MINEXTENTS 1 
  MAXEXTENTS UNLIMITED 
  FREELISTS 1 
  FREELIST GROUPS 1 
  BUFFER_POOL DEFAULT 
) 
NOPARALLEL
CREATE UNIQUE INDEX CATEGORY_NAME_UNIQUE ON CATEGORY (CATEGORY_NAME ASC) 
LOGGING 
TABLESPACE SYSTEM 
PCTFREE 10 
INITRANS 2 
STORAGE 
( 
  INITIAL 65536 
  NEXT 1048576 
  MINEXTENTS 1 
  MAXEXTENTS UNLIMITED 
  FREELISTS 1 
  FREELIST GROUPS 1 
  BUFFER_POOL DEFAULT 
) 
NOPARALLELALTER TABLE CATEGORY
ADD CONSTRAINT CATEGORY_ID_PK PRIMARY KEY 
(
  CATEGORY_ID 
)
USING INDEX CATEGORY_ID_PK
ENABLE
-- Unable to render TABLE DDL for object TIME_TRACKER.MEDIUM with DBMS_METADATA attempting internal generator.
ALTER TABLE MEDIUM
ADD CONSTRAINT MEDIUM_NAME_UNIQUE UNIQUE 
(
  MEDIUM_NAME 
)
USING INDEX MEDIUM_NAME_UNIQUE
ENABLECREATE TABLE MEDIUM 
(
  MEDIUM_ID NUMBER(10, 0) NOT NULL 
, MEDIUM_NAME VARCHAR2(50 BYTE) NOT NULL 
, CREATE_DATE DATE DEFAULT SYSDATE NOT NULL 
, UPDATE_DATE DATE DEFAULT SYSDATE NOT NULL 
) 
LOGGING 
TABLESPACE SYSTEM 
PCTFREE 10 
PCTUSED 40 
INITRANS 1 
STORAGE 
( 
  INITIAL 65536 
  NEXT 1048576 
  MINEXTENTS 1 
  MAXEXTENTS UNLIMITED 
  FREELISTS 1 
  FREELIST GROUPS 1 
  BUFFER_POOL DEFAULT 
) 
NOPARALLELCREATE UNIQUE INDEX MEDIUM_ID_PK ON MEDIUM (MEDIUM_ID ASC) 
LOGGING 
TABLESPACE SYSTEM 
PCTFREE 10 
INITRANS 2 
STORAGE 
( 
  INITIAL 65536 
  NEXT 1048576 
  MINEXTENTS 1 
  MAXEXTENTS UNLIMITED 
  FREELISTS 1 
  FREELIST GROUPS 1 
  BUFFER_POOL DEFAULT 
) 
NOPARALLEL
CREATE UNIQUE INDEX MEDIUM_NAME_UNIQUE ON MEDIUM (MEDIUM_NAME ASC) 
LOGGING 
TABLESPACE SYSTEM 
PCTFREE 10 
INITRANS 2 
STORAGE 
( 
  INITIAL 65536 
  NEXT 1048576 
  MINEXTENTS 1 
  MAXEXTENTS UNLIMITED 
  FREELISTS 1 
  FREELIST GROUPS 1 
  BUFFER_POOL DEFAULT 
) 
NOPARALLELALTER TABLE MEDIUM
ADD CONSTRAINT MEDIUM_ID_PK PRIMARY KEY 
(
  MEDIUM_ID 
)
USING INDEX MEDIUM_ID_PK
ENABLE
-- Unable to render TABLE DDL for object TIME_TRACKER.TASKS with DBMS_METADATA attempting internal generator.
CREATE TABLE TASKS 
(
  TASK_ID NUMBER(10, 0) NOT NULL 
, USERNAME VARCHAR2(50 BYTE) NOT NULL 
, CATEGORY_ID NUMBER(10, 0) NOT NULL 
, TASK_TYPE_ID NUMBER(10, 0) NOT NULL 
, TIKET_ID NUMBER(10, 0) 
, HOURS NUMBER(5, 2) NOT NULL 
, TASK_DATE DATE DEFAULT SYSDATE NOT NULL 
, CREATE_DATE DATE DEFAULT SYSDATE NOT NULL 
, UPDATE_DATE DATE DEFAULT SYSDATE NOT NULL 
, COMMENTS VARCHAR2(100 BYTE) 
, MEDIUM_ID NUMBER(10, 0) NOT NULL 
) 
LOGGING 
TABLESPACE SYSTEM 
PCTFREE 10 
PCTUSED 40 
INITRANS 1 
STORAGE 
( 
  INITIAL 65536 
  NEXT 1048576 
  MINEXTENTS 1 
  MAXEXTENTS UNLIMITED 
  FREELISTS 1 
  FREELIST GROUPS 1 
  BUFFER_POOL DEFAULT 
) 
NOPARALLELCREATE UNIQUE INDEX TASK_ID_PK ON TASKS (TASK_ID ASC) 
LOGGING 
TABLESPACE SYSTEM 
PCTFREE 10 
INITRANS 2 
STORAGE 
( 
  INITIAL 65536 
  NEXT 1048576 
  MINEXTENTS 1 
  MAXEXTENTS UNLIMITED 
  FREELISTS 1 
  FREELIST GROUPS 1 
  BUFFER_POOL DEFAULT 
) 
NOPARALLELALTER TABLE TASKS
ADD CONSTRAINT FK_CATEGORY_ID FOREIGN KEY
(
  CATEGORY_ID 
)
REFERENCES CATEGORY
(
  CATEGORY_ID 
)
ENABLE
ALTER TABLE TASKS
ADD CONSTRAINT FK_MEDIUM_ID FOREIGN KEY
(
  MEDIUM_ID 
)
REFERENCES MEDIUM
(
  MEDIUM_ID 
)
ENABLE
ALTER TABLE TASKS
ADD CONSTRAINT FK_TASK_TYPE_ID FOREIGN KEY
(
  TASK_TYPE_ID 
)
REFERENCES TASK_TYPE
(
  TASK_TYPE_ID 
)
ENABLE
ALTER TABLE TASKS
ADD CONSTRAINT FK_TIKET_ID FOREIGN KEY
(
  TIKET_ID 
)
REFERENCES TIKET
(
  TIKET_ID 
)
ENABLE
ALTER TABLE TASKS
ADD CONSTRAINT FK_USERNAME FOREIGN KEY
(
  USERNAME 
)
REFERENCES USERS
(
  USERNAME 
)
ENABLEALTER TABLE TASKS
ADD CONSTRAINT TASK_ID_PK PRIMARY KEY 
(
  TASK_ID 
)
USING INDEX TASK_ID_PK
ENABLE
-- Unable to render TABLE DDL for object TIME_TRACKER.TASK_TYPE with DBMS_METADATA attempting internal generator.
ALTER TABLE TASK_TYPE
ADD CONSTRAINT TASK_TYPE_NAME_UNIQUE UNIQUE 
(
  TASK_TYPE_NAME 
)
USING INDEX TASK_TYPE_NAME_UNIQUE
ENABLECREATE TABLE TASK_TYPE 
(
  TASK_TYPE_ID NUMBER(10, 0) NOT NULL 
, TASK_TYPE_NAME VARCHAR2(50 BYTE) NOT NULL 
, CREATE_DATE DATE DEFAULT SYSDATE NOT NULL 
, UPDATE_DATE DATE DEFAULT SYSDATE NOT NULL 
) 
LOGGING 
TABLESPACE SYSTEM 
PCTFREE 10 
PCTUSED 40 
INITRANS 1 
STORAGE 
( 
  INITIAL 65536 
  NEXT 1048576 
  MINEXTENTS 1 
  MAXEXTENTS UNLIMITED 
  FREELISTS 1 
  FREELIST GROUPS 1 
  BUFFER_POOL DEFAULT 
) 
NOPARALLELCREATE UNIQUE INDEX TASK_TYPE_ID_PK ON TASK_TYPE (TASK_TYPE_ID ASC) 
LOGGING 
TABLESPACE SYSTEM 
PCTFREE 10 
INITRANS 2 
STORAGE 
( 
  INITIAL 65536 
  NEXT 1048576 
  MINEXTENTS 1 
  MAXEXTENTS UNLIMITED 
  FREELISTS 1 
  FREELIST GROUPS 1 
  BUFFER_POOL DEFAULT 
) 
NOPARALLEL
CREATE UNIQUE INDEX TASK_TYPE_NAME_UNIQUE ON TASK_TYPE (TASK_TYPE_NAME ASC) 
LOGGING 
TABLESPACE SYSTEM 
PCTFREE 10 
INITRANS 2 
STORAGE 
( 
  INITIAL 65536 
  NEXT 1048576 
  MINEXTENTS 1 
  MAXEXTENTS UNLIMITED 
  FREELISTS 1 
  FREELIST GROUPS 1 
  BUFFER_POOL DEFAULT 
) 
NOPARALLELALTER TABLE TASK_TYPE
ADD CONSTRAINT TASK_TYPE_ID_PK PRIMARY KEY 
(
  TASK_TYPE_ID 
)
USING INDEX TASK_TYPE_ID_PK
ENABLE
-- Unable to render TABLE DDL for object TIME_TRACKER.TIKET with DBMS_METADATA attempting internal generator.
ALTER TABLE TIKET
ADD CONSTRAINT INCIDENT_ID_UNIQUE UNIQUE 
(
  INCIDENT_ID 
, CATEGORY_NAME 
)
USING INDEX INCIDENT_ID_UNIQUE
ENABLECREATE TABLE TIKET 
(
  TIKET_ID NUMBER(10, 0) NOT NULL 
, INCIDENT_ID VARCHAR2(30 BYTE) NOT NULL 
, TIKET_DESCRIPTION VARCHAR2(200 BYTE) NOT NULL 
, CATEGORY_NAME VARCHAR2(50 BYTE) NOT NULL 
, ASSIGNED_GROUP VARCHAR2(50 BYTE) 
, CREATE_DATE DATE DEFAULT SYSDATE NOT NULL 
, UPDATE_DATE DATE DEFAULT SYSDATE NOT NULL 
) 
LOGGING 
TABLESPACE SYSTEM 
PCTFREE 10 
PCTUSED 40 
INITRANS 1 
STORAGE 
( 
  INITIAL 65536 
  NEXT 1048576 
  MINEXTENTS 1 
  MAXEXTENTS UNLIMITED 
  FREELISTS 1 
  FREELIST GROUPS 1 
  BUFFER_POOL DEFAULT 
) 
NOPARALLELCREATE UNIQUE INDEX INCIDENT_ID_UNIQUE ON TIKET (INCIDENT_ID ASC, CATEGORY_NAME ASC) 
LOGGING 
TABLESPACE SYSTEM 
PCTFREE 10 
INITRANS 2 
STORAGE 
( 
  INITIAL 65536 
  NEXT 1048576 
  MINEXTENTS 1 
  MAXEXTENTS UNLIMITED 
  FREELISTS 1 
  FREELIST GROUPS 1 
  BUFFER_POOL DEFAULT 
) 
NOPARALLEL
CREATE UNIQUE INDEX TIKET_ID_PK ON TIKET (TIKET_ID ASC) 
LOGGING 
TABLESPACE SYSTEM 
PCTFREE 10 
INITRANS 2 
STORAGE 
( 
  INITIAL 65536 
  NEXT 1048576 
  MINEXTENTS 1 
  MAXEXTENTS UNLIMITED 
  FREELISTS 1 
  FREELIST GROUPS 1 
  BUFFER_POOL DEFAULT 
) 
NOPARALLELALTER TABLE TIKET
ADD CONSTRAINT FK_CATEGORY_NAME FOREIGN KEY
(
  CATEGORY_NAME 
)
REFERENCES CATEGORY
(
  CATEGORY_NAME 
)
ENABLEALTER TABLE TIKET
ADD CONSTRAINT TIKET_ID_PK PRIMARY KEY 
(
  TIKET_ID 
)
USING INDEX TIKET_ID_PK
ENABLE
-- Unable to render TABLE DDL for object TIME_TRACKER.USERS with DBMS_METADATA attempting internal generator.
CREATE TABLE USERS 
(
  USERNAME VARCHAR2(50 BYTE) NOT NULL 
, NAME VARCHAR2(50 BYTE) NOT NULL 
, DESIGNATION VARCHAR2(50 BYTE) NOT NULL 
, USER_GROUP_ID NUMBER(10, 0) NOT NULL 
, PASSWORD VARCHAR2(50 BYTE) NOT NULL 
, CREATE_DATE DATE DEFAULT SYSDATE NOT NULL 
, UPDATE_DATE DATE DEFAULT SYSDATE NOT NULL 
) 
LOGGING 
TABLESPACE SYSTEM 
PCTFREE 10 
PCTUSED 40 
INITRANS 1 
STORAGE 
( 
  INITIAL 65536 
  NEXT 1048576 
  MINEXTENTS 1 
  MAXEXTENTS UNLIMITED 
  FREELISTS 1 
  FREELIST GROUPS 1 
  BUFFER_POOL DEFAULT 
) 
NOPARALLELCREATE UNIQUE INDEX USERID_PK ON USERS (USERNAME ASC) 
LOGGING 
TABLESPACE SYSTEM 
PCTFREE 10 
INITRANS 2 
STORAGE 
( 
  INITIAL 65536 
  NEXT 1048576 
  MINEXTENTS 1 
  MAXEXTENTS UNLIMITED 
  FREELISTS 1 
  FREELIST GROUPS 1 
  BUFFER_POOL DEFAULT 
) 
NOPARALLELALTER TABLE USERS
ADD CONSTRAINT FK_USER_GROUP_ID FOREIGN KEY
(
  USER_GROUP_ID 
)
REFERENCES USER_GROUP
(
  USER_GROUP_ID 
)
ENABLEALTER TABLE USERS
ADD CONSTRAINT USERID_PK PRIMARY KEY 
(
  USERNAME 
)
USING INDEX USERID_PK
ENABLE
-- Unable to render TABLE DDL for object TIME_TRACKER.USER_GROUP with DBMS_METADATA attempting internal generator.
ALTER TABLE USER_GROUP
ADD CONSTRAINT USER_GROUP_NAME_UNIQUE UNIQUE 
(
  USER_GROUP_NAME 
)
USING INDEX USER_GROUP_NAME_UNIQUE
ENABLECREATE TABLE USER_GROUP 
(
  USER_GROUP_ID NUMBER(10, 0) NOT NULL 
, USER_GROUP_NAME VARCHAR2(50 BYTE) NOT NULL 
, CREATE_DATE DATE DEFAULT SYSDATE NOT NULL 
, UPDATE_DATE DATE DEFAULT SYSDATE NOT NULL 
) 
LOGGING 
TABLESPACE SYSTEM 
PCTFREE 10 
PCTUSED 40 
INITRANS 1 
STORAGE 
( 
  INITIAL 65536 
  NEXT 1048576 
  MINEXTENTS 1 
  MAXEXTENTS UNLIMITED 
  FREELISTS 1 
  FREELIST GROUPS 1 
  BUFFER_POOL DEFAULT 
) 
NOPARALLELCREATE UNIQUE INDEX USER_GROUP_ID_PK ON USER_GROUP (USER_GROUP_ID ASC) 
LOGGING 
TABLESPACE SYSTEM 
PCTFREE 10 
INITRANS 2 
STORAGE 
( 
  INITIAL 65536 
  NEXT 1048576 
  MINEXTENTS 1 
  MAXEXTENTS UNLIMITED 
  FREELISTS 1 
  FREELIST GROUPS 1 
  BUFFER_POOL DEFAULT 
) 
NOPARALLEL
CREATE UNIQUE INDEX USER_GROUP_NAME_UNIQUE ON USER_GROUP (USER_GROUP_NAME ASC) 
LOGGING 
TABLESPACE SYSTEM 
PCTFREE 10 
INITRANS 2 
STORAGE 
( 
  INITIAL 65536 
  NEXT 1048576 
  MINEXTENTS 1 
  MAXEXTENTS UNLIMITED 
  FREELISTS 1 
  FREELIST GROUPS 1 
  BUFFER_POOL DEFAULT 
) 
NOPARALLELALTER TABLE USER_GROUP
ADD CONSTRAINT USER_GROUP_ID_PK PRIMARY KEY 
(
  USER_GROUP_ID 
)
USING INDEX USER_GROUP_ID_PK
ENABLE
-- Unable to render SEQUENCE DDL for object TIME_TRACKER.TASKS_SEQ with DBMS_METADATA attempting internal generator.
CREATE SEQUENCE TASKS_SEQ INCREMENT BY 1 MAXVALUE 9999999999999999999999999999 MINVALUE 1 NOCACHE
-- Unable to render SEQUENCE DDL for object TIME_TRACKER.TASKS_TASK_ID_SEQ with DBMS_METADATA attempting internal generator.
CREATE SEQUENCE TASKS_TASK_ID_SEQ INCREMENT BY 1 MAXVALUE 9999999999999999999999999999 MINVALUE 1 CACHE 20
-- Unable to render SEQUENCE DDL for object TIME_TRACKER.TIKET_TIKET_ID_SEQ with DBMS_METADATA attempting internal generator.
CREATE SEQUENCE TIKET_TIKET_ID_SEQ INCREMENT BY 1 MAXVALUE 9999999999999999999999999999 MINVALUE 1 CACHE 20
REM INSERTING into TIME_TRACKER.CATEGORY
SET DEFINE OFF;
Insert into TIME_TRACKER.CATEGORY (CATEGORY_ID,CATEGORY_NAME,CREATE_DATE,UPDATE_DATE) values (1,'INCIDENTS',to_date('22-NOV-17','DD-MON-RR'),to_date('22-NOV-17','DD-MON-RR'));
Insert into TIME_TRACKER.CATEGORY (CATEGORY_ID,CATEGORY_NAME,CREATE_DATE,UPDATE_DATE) values (2,'SERVICE REQUESTS',to_date('22-NOV-17','DD-MON-RR'),to_date('22-NOV-17','DD-MON-RR'));
Insert into TIME_TRACKER.CATEGORY (CATEGORY_ID,CATEGORY_NAME,CREATE_DATE,UPDATE_DATE) values (3,'CHANGE REQUESTS',to_date('22-NOV-17','DD-MON-RR'),to_date('22-NOV-17','DD-MON-RR'));
Insert into TIME_TRACKER.CATEGORY (CATEGORY_ID,CATEGORY_NAME,CREATE_DATE,UPDATE_DATE) values (4,'WORK ORDERS',to_date('22-NOV-17','DD-MON-RR'),to_date('22-NOV-17','DD-MON-RR'));
Insert into TIME_TRACKER.CATEGORY (CATEGORY_ID,CATEGORY_NAME,CREATE_DATE,UPDATE_DATE) values (5,'KNOWLEDGE OBJECTS',to_date('22-NOV-17','DD-MON-RR'),to_date('22-NOV-17','DD-MON-RR'));
Insert into TIME_TRACKER.CATEGORY (CATEGORY_ID,CATEGORY_NAME,CREATE_DATE,UPDATE_DATE) values (6,'OTHER',to_date('22-NOV-17','DD-MON-RR'),to_date('22-NOV-17','DD-MON-RR'));
REM INSERTING into TIME_TRACKER.MEDIUM
SET DEFINE OFF;
Insert into TIME_TRACKER.MEDIUM (MEDIUM_ID,MEDIUM_NAME,CREATE_DATE,UPDATE_DATE) values (1,'Internal Call',to_date('28-NOV-17','DD-MON-RR'),to_date('28-NOV-17','DD-MON-RR'));
Insert into TIME_TRACKER.MEDIUM (MEDIUM_ID,MEDIUM_NAME,CREATE_DATE,UPDATE_DATE) values (2,'Internal Email',to_date('28-NOV-17','DD-MON-RR'),to_date('28-NOV-17','DD-MON-RR'));
Insert into TIME_TRACKER.MEDIUM (MEDIUM_ID,MEDIUM_NAME,CREATE_DATE,UPDATE_DATE) values (3,'Internal Ticket',to_date('28-NOV-17','DD-MON-RR'),to_date('28-NOV-17','DD-MON-RR'));
Insert into TIME_TRACKER.MEDIUM (MEDIUM_ID,MEDIUM_NAME,CREATE_DATE,UPDATE_DATE) values (4,'Externall Call',to_date('28-NOV-17','DD-MON-RR'),to_date('28-NOV-17','DD-MON-RR'));
Insert into TIME_TRACKER.MEDIUM (MEDIUM_ID,MEDIUM_NAME,CREATE_DATE,UPDATE_DATE) values (5,'Externall Email',to_date('28-NOV-17','DD-MON-RR'),to_date('28-NOV-17','DD-MON-RR'));
Insert into TIME_TRACKER.MEDIUM (MEDIUM_ID,MEDIUM_NAME,CREATE_DATE,UPDATE_DATE) values (6,'Externall Ticket',to_date('28-NOV-17','DD-MON-RR'),to_date('28-NOV-17','DD-MON-RR'));
REM INSERTING into TIME_TRACKER.TASKS
SET DEFINE OFF;
Insert into TIME_TRACKER.TASKS (TASK_ID,USERNAME,CATEGORY_ID,TASK_TYPE_ID,TIKET_ID,HOURS,TASK_DATE,CREATE_DATE,UPDATE_DATE,COMMENTS,MEDIUM_ID) values (955,'sujan',4,5,452,3,to_date('27-NOV-17','DD-MON-RR'),to_date('27-NOV-17','DD-MON-RR'),to_date('27-NOV-17','DD-MON-RR'),'e',2);
Insert into TIME_TRACKER.TASKS (TASK_ID,USERNAME,CATEGORY_ID,TASK_TYPE_ID,TIKET_ID,HOURS,TASK_DATE,CREATE_DATE,UPDATE_DATE,COMMENTS,MEDIUM_ID) values (957,'sujan',2,11,400,5,to_date('27-NOV-17','DD-MON-RR'),to_date('27-NOV-17','DD-MON-RR'),to_date('27-NOV-17','DD-MON-RR'),null,5);
Insert into TIME_TRACKER.TASKS (TASK_ID,USERNAME,CATEGORY_ID,TASK_TYPE_ID,TIKET_ID,HOURS,TASK_DATE,CREATE_DATE,UPDATE_DATE,COMMENTS,MEDIUM_ID) values (956,'sujan',4,5,600,3,to_date('27-NOV-17','DD-MON-RR'),to_date('27-NOV-17','DD-MON-RR'),to_date('27-NOV-17','DD-MON-RR'),'M',2);
REM INSERTING into TIME_TRACKER.TASK_TYPE
SET DEFINE OFF;
Insert into TIME_TRACKER.TASK_TYPE (TASK_TYPE_ID,TASK_TYPE_NAME,CREATE_DATE,UPDATE_DATE) values (1,'Order Fallout',to_date('22-NOV-17','DD-MON-RR'),to_date('22-NOV-17','DD-MON-RR'));
Insert into TIME_TRACKER.TASK_TYPE (TASK_TYPE_ID,TASK_TYPE_NAME,CREATE_DATE,UPDATE_DATE) values (2,'Bill Processing',to_date('22-NOV-17','DD-MON-RR'),to_date('22-NOV-17','DD-MON-RR'));
Insert into TIME_TRACKER.TASK_TYPE (TASK_TYPE_ID,TASK_TYPE_NAME,CREATE_DATE,UPDATE_DATE) values (3,'Usage processing',to_date('22-NOV-17','DD-MON-RR'),to_date('22-NOV-17','DD-MON-RR'));
Insert into TIME_TRACKER.TASK_TYPE (TASK_TYPE_ID,TASK_TYPE_NAME,CREATE_DATE,UPDATE_DATE) values (4,'Provisioning',to_date('22-NOV-17','DD-MON-RR'),to_date('22-NOV-17','DD-MON-RR'));
Insert into TIME_TRACKER.TASK_TYPE (TASK_TYPE_ID,TASK_TYPE_NAME,CREATE_DATE,UPDATE_DATE) values (5,'Activation',to_date('22-NOV-17','DD-MON-RR'),to_date('22-NOV-17','DD-MON-RR'));
Insert into TIME_TRACKER.TASK_TYPE (TASK_TYPE_ID,TASK_TYPE_NAME,CREATE_DATE,UPDATE_DATE) values (6,'Financial reporting',to_date('22-NOV-17','DD-MON-RR'),to_date('22-NOV-17','DD-MON-RR'));
Insert into TIME_TRACKER.TASK_TYPE (TASK_TYPE_ID,TASK_TYPE_NAME,CREATE_DATE,UPDATE_DATE) values (7,'Subscriber Mgmt',to_date('22-NOV-17','DD-MON-RR'),to_date('22-NOV-17','DD-MON-RR'));
Insert into TIME_TRACKER.TASK_TYPE (TASK_TYPE_ID,TASK_TYPE_NAME,CREATE_DATE,UPDATE_DATE) values (8,'Service Interruption',to_date('22-NOV-17','DD-MON-RR'),to_date('22-NOV-17','DD-MON-RR'));
Insert into TIME_TRACKER.TASK_TYPE (TASK_TYPE_ID,TASK_TYPE_NAME,CREATE_DATE,UPDATE_DATE) values (9,'Catalog Mgmt',to_date('22-NOV-17','DD-MON-RR'),to_date('22-NOV-17','DD-MON-RR'));
Insert into TIME_TRACKER.TASK_TYPE (TASK_TYPE_ID,TASK_TYPE_NAME,CREATE_DATE,UPDATE_DATE) values (10,'Pricing, promotion and Discounts',to_date('22-NOV-17','DD-MON-RR'),to_date('22-NOV-17','DD-MON-RR'));
Insert into TIME_TRACKER.TASK_TYPE (TASK_TYPE_ID,TASK_TYPE_NAME,CREATE_DATE,UPDATE_DATE) values (11,'Performance',to_date('22-NOV-17','DD-MON-RR'),to_date('22-NOV-17','DD-MON-RR'));
Insert into TIME_TRACKER.TASK_TYPE (TASK_TYPE_ID,TASK_TYPE_NAME,CREATE_DATE,UPDATE_DATE) values (12,'Alert & Monitoring',to_date('22-NOV-17','DD-MON-RR'),to_date('22-NOV-17','DD-MON-RR'));
Insert into TIME_TRACKER.TASK_TYPE (TASK_TYPE_ID,TASK_TYPE_NAME,CREATE_DATE,UPDATE_DATE) values (13,'Access Mgmt',to_date('22-NOV-17','DD-MON-RR'),to_date('22-NOV-17','DD-MON-RR'));
REM INSERTING into TIME_TRACKER.TIKET
SET DEFINE OFF;
Insert into TIME_TRACKER.TIKET (TIKET_ID,INCIDENT_ID,TIKET_DESCRIPTION,CATEGORY_NAME,ASSIGNED_GROUP,CREATE_DATE,UPDATE_DATE) values (1,'T001','n/a','INCIDENTS','default',to_date('22-NOV-17','DD-MON-RR'),to_date('22-NOV-17','DD-MON-RR'));
Insert into TIME_TRACKER.TIKET (TIKET_ID,INCIDENT_ID,TIKET_DESCRIPTION,CATEGORY_NAME,ASSIGNED_GROUP,CREATE_DATE,UPDATE_DATE) values (350,'T001',' ','SERVICE REQUESTS',null,to_date('26-NOV-17','DD-MON-RR'),to_date('26-NOV-17','DD-MON-RR'));
Insert into TIME_TRACKER.TIKET (TIKET_ID,INCIDENT_ID,TIKET_DESCRIPTION,CATEGORY_NAME,ASSIGNED_GROUP,CREATE_DATE,UPDATE_DATE) values (150,'T002',' ','SERVICE REQUESTS',null,to_date('26-NOV-17','DD-MON-RR'),to_date('26-NOV-17','DD-MON-RR'));
Insert into TIME_TRACKER.TIKET (TIKET_ID,INCIDENT_ID,TIKET_DESCRIPTION,CATEGORY_NAME,ASSIGNED_GROUP,CREATE_DATE,UPDATE_DATE) values (400,'T003',' ','SERVICE REQUESTS',null,to_date('26-NOV-17','DD-MON-RR'),to_date('26-NOV-17','DD-MON-RR'));
Insert into TIME_TRACKER.TIKET (TIKET_ID,INCIDENT_ID,TIKET_DESCRIPTION,CATEGORY_NAME,ASSIGNED_GROUP,CREATE_DATE,UPDATE_DATE) values (401,'T007',' ','SERVICE REQUESTS',null,to_date('26-NOV-17','DD-MON-RR'),to_date('26-NOV-17','DD-MON-RR'));
Insert into TIME_TRACKER.TIKET (TIKET_ID,INCIDENT_ID,TIKET_DESCRIPTION,CATEGORY_NAME,ASSIGNED_GROUP,CREATE_DATE,UPDATE_DATE) values (402,'T007',' ','KNOWLEDGE OBJECTS',null,to_date('26-NOV-17','DD-MON-RR'),to_date('26-NOV-17','DD-MON-RR'));
Insert into TIME_TRACKER.TIKET (TIKET_ID,INCIDENT_ID,TIKET_DESCRIPTION,CATEGORY_NAME,ASSIGNED_GROUP,CREATE_DATE,UPDATE_DATE) values (403,'T008',' ','WORK ORDERS',null,to_date('26-NOV-17','DD-MON-RR'),to_date('26-NOV-17','DD-MON-RR'));
Insert into TIME_TRACKER.TIKET (TIKET_ID,INCIDENT_ID,TIKET_DESCRIPTION,CATEGORY_NAME,ASSIGNED_GROUP,CREATE_DATE,UPDATE_DATE) values (450,'T007',' ','CHANGE REQUESTS',null,to_date('26-NOV-17','DD-MON-RR'),to_date('26-NOV-17','DD-MON-RR'));
Insert into TIME_TRACKER.TIKET (TIKET_ID,INCIDENT_ID,TIKET_DESCRIPTION,CATEGORY_NAME,ASSIGNED_GROUP,CREATE_DATE,UPDATE_DATE) values (451,'T007',' ','WORK ORDERS',null,to_date('26-NOV-17','DD-MON-RR'),to_date('26-NOV-17','DD-MON-RR'));
Insert into TIME_TRACKER.TIKET (TIKET_ID,INCIDENT_ID,TIKET_DESCRIPTION,CATEGORY_NAME,ASSIGNED_GROUP,CREATE_DATE,UPDATE_DATE) values (452,'T001',' ','WORK ORDERS',null,to_date('26-NOV-17','DD-MON-RR'),to_date('26-NOV-17','DD-MON-RR'));
Insert into TIME_TRACKER.TIKET (TIKET_ID,INCIDENT_ID,TIKET_DESCRIPTION,CATEGORY_NAME,ASSIGNED_GROUP,CREATE_DATE,UPDATE_DATE) values (453,'T001',' ','KNOWLEDGE OBJECTS',null,to_date('26-NOV-17','DD-MON-RR'),to_date('26-NOV-17','DD-MON-RR'));
Insert into TIME_TRACKER.TIKET (TIKET_ID,INCIDENT_ID,TIKET_DESCRIPTION,CATEGORY_NAME,ASSIGNED_GROUP,CREATE_DATE,UPDATE_DATE) values (454,'T001',' ','CHANGE REQUESTS',null,to_date('26-NOV-17','DD-MON-RR'),to_date('26-NOV-17','DD-MON-RR'));
Insert into TIME_TRACKER.TIKET (TIKET_ID,INCIDENT_ID,TIKET_DESCRIPTION,CATEGORY_NAME,ASSIGNED_GROUP,CREATE_DATE,UPDATE_DATE) values (455,'T007',' ','INCIDENTS',null,to_date('26-NOV-17','DD-MON-RR'),to_date('26-NOV-17','DD-MON-RR'));
Insert into TIME_TRACKER.TIKET (TIKET_ID,INCIDENT_ID,TIKET_DESCRIPTION,CATEGORY_NAME,ASSIGNED_GROUP,CREATE_DATE,UPDATE_DATE) values (500,'323',' ','WORK ORDERS',null,to_date('27-NOV-17','DD-MON-RR'),to_date('27-NOV-17','DD-MON-RR'));
Insert into TIME_TRACKER.TIKET (TIKET_ID,INCIDENT_ID,TIKET_DESCRIPTION,CATEGORY_NAME,ASSIGNED_GROUP,CREATE_DATE,UPDATE_DATE) values (550,'T003',' ','INCIDENTS',null,to_date('27-NOV-17','DD-MON-RR'),to_date('27-NOV-17','DD-MON-RR'));
Insert into TIME_TRACKER.TIKET (TIKET_ID,INCIDENT_ID,TIKET_DESCRIPTION,CATEGORY_NAME,ASSIGNED_GROUP,CREATE_DATE,UPDATE_DATE) values (551,'wds',' ','CHANGE REQUESTS',null,to_date('27-NOV-17','DD-MON-RR'),to_date('27-NOV-17','DD-MON-RR'));
Insert into TIME_TRACKER.TIKET (TIKET_ID,INCIDENT_ID,TIKET_DESCRIPTION,CATEGORY_NAME,ASSIGNED_GROUP,CREATE_DATE,UPDATE_DATE) values (600,'T003',' ','WORK ORDERS',null,to_date('27-NOV-17','DD-MON-RR'),to_date('27-NOV-17','DD-MON-RR'));
REM INSERTING into TIME_TRACKER.USERS
SET DEFINE OFF;
Insert into TIME_TRACKER.USERS (USERNAME,NAME,DESIGNATION,USER_GROUP_ID,PASSWORD,CREATE_DATE,UPDATE_DATE) values ('sujan','sujan','Engineer II',1,'123',to_date('22-NOV-17','DD-MON-RR'),to_date('22-NOV-17','DD-MON-RR'));
Insert into TIME_TRACKER.USERS (USERNAME,NAME,DESIGNATION,USER_GROUP_ID,PASSWORD,CREATE_DATE,UPDATE_DATE) values ('jhon','jhon','Engineer II',1,'456',to_date('27-NOV-17','DD-MON-RR'),to_date('27-NOV-17','DD-MON-RR'));
REM INSERTING into TIME_TRACKER.USER_GROUP
SET DEFINE OFF;
Insert into TIME_TRACKER.USER_GROUP (USER_GROUP_ID,USER_GROUP_NAME,CREATE_DATE,UPDATE_DATE) values (1,'Default',to_date('22-NOV-17','DD-MON-RR'),to_date('22-NOV-17','DD-MON-RR'));
-- Unable to render INDEX DDL for object TIME_TRACKER.TASK_ID_PK with DBMS_METADATA attempting internal generator.
CREATE UNIQUE INDEX TASK_ID_PK ON TASKS (TASK_ID ASC) 
LOGGING 
TABLESPACE SYSTEM 
PCTFREE 10 
INITRANS 2 
STORAGE 
( 
  INITIAL 65536 
  NEXT 1048576 
  MINEXTENTS 1 
  MAXEXTENTS UNLIMITED 
  FREELISTS 1 
  FREELIST GROUPS 1 
  BUFFER_POOL DEFAULT 
) 
NOPARALLEL
-- Unable to render INDEX DDL for object TIME_TRACKER.CATEGORY_NAME_UNIQUE with DBMS_METADATA attempting internal generator.
CREATE UNIQUE INDEX CATEGORY_NAME_UNIQUE ON CATEGORY (CATEGORY_NAME ASC) 
LOGGING 
TABLESPACE SYSTEM 
PCTFREE 10 
INITRANS 2 
STORAGE 
( 
  INITIAL 65536 
  NEXT 1048576 
  MINEXTENTS 1 
  MAXEXTENTS UNLIMITED 
  FREELISTS 1 
  FREELIST GROUPS 1 
  BUFFER_POOL DEFAULT 
) 
NOPARALLEL
-- Unable to render INDEX DDL for object TIME_TRACKER.CATEGORY_ID_PK with DBMS_METADATA attempting internal generator.
CREATE UNIQUE INDEX CATEGORY_ID_PK ON CATEGORY (CATEGORY_ID ASC) 
LOGGING 
TABLESPACE SYSTEM 
PCTFREE 10 
INITRANS 2 
STORAGE 
( 
  INITIAL 65536 
  NEXT 1048576 
  MINEXTENTS 1 
  MAXEXTENTS UNLIMITED 
  FREELISTS 1 
  FREELIST GROUPS 1 
  BUFFER_POOL DEFAULT 
) 
NOPARALLEL
-- Unable to render INDEX DDL for object TIME_TRACKER.TASK_TYPE_NAME_UNIQUE with DBMS_METADATA attempting internal generator.
CREATE UNIQUE INDEX TASK_TYPE_NAME_UNIQUE ON TASK_TYPE (TASK_TYPE_NAME ASC) 
LOGGING 
TABLESPACE SYSTEM 
PCTFREE 10 
INITRANS 2 
STORAGE 
( 
  INITIAL 65536 
  NEXT 1048576 
  MINEXTENTS 1 
  MAXEXTENTS UNLIMITED 
  FREELISTS 1 
  FREELIST GROUPS 1 
  BUFFER_POOL DEFAULT 
) 
NOPARALLEL
-- Unable to render INDEX DDL for object TIME_TRACKER.TASK_TYPE_ID_PK with DBMS_METADATA attempting internal generator.
CREATE UNIQUE INDEX TASK_TYPE_ID_PK ON TASK_TYPE (TASK_TYPE_ID ASC) 
LOGGING 
TABLESPACE SYSTEM 
PCTFREE 10 
INITRANS 2 
STORAGE 
( 
  INITIAL 65536 
  NEXT 1048576 
  MINEXTENTS 1 
  MAXEXTENTS UNLIMITED 
  FREELISTS 1 
  FREELIST GROUPS 1 
  BUFFER_POOL DEFAULT 
) 
NOPARALLEL
-- Unable to render INDEX DDL for object TIME_TRACKER.INCIDENT_ID_UNIQUE with DBMS_METADATA attempting internal generator.
CREATE UNIQUE INDEX INCIDENT_ID_UNIQUE ON TIKET (INCIDENT_ID ASC, CATEGORY_NAME ASC) 
LOGGING 
TABLESPACE SYSTEM 
PCTFREE 10 
INITRANS 2 
STORAGE 
( 
  INITIAL 65536 
  NEXT 1048576 
  MINEXTENTS 1 
  MAXEXTENTS UNLIMITED 
  FREELISTS 1 
  FREELIST GROUPS 1 
  BUFFER_POOL DEFAULT 
) 
NOPARALLEL
-- Unable to render INDEX DDL for object TIME_TRACKER.MEDIUM_NAME_UNIQUE with DBMS_METADATA attempting internal generator.
CREATE UNIQUE INDEX MEDIUM_NAME_UNIQUE ON MEDIUM (MEDIUM_NAME ASC) 
LOGGING 
TABLESPACE SYSTEM 
PCTFREE 10 
INITRANS 2 
STORAGE 
( 
  INITIAL 65536 
  NEXT 1048576 
  MINEXTENTS 1 
  MAXEXTENTS UNLIMITED 
  FREELISTS 1 
  FREELIST GROUPS 1 
  BUFFER_POOL DEFAULT 
) 
NOPARALLEL
-- Unable to render INDEX DDL for object TIME_TRACKER.TIKET_ID_PK with DBMS_METADATA attempting internal generator.
CREATE UNIQUE INDEX TIKET_ID_PK ON TIKET (TIKET_ID ASC) 
LOGGING 
TABLESPACE SYSTEM 
PCTFREE 10 
INITRANS 2 
STORAGE 
( 
  INITIAL 65536 
  NEXT 1048576 
  MINEXTENTS 1 
  MAXEXTENTS UNLIMITED 
  FREELISTS 1 
  FREELIST GROUPS 1 
  BUFFER_POOL DEFAULT 
) 
NOPARALLEL
-- Unable to render INDEX DDL for object TIME_TRACKER.USER_GROUP_ID_PK with DBMS_METADATA attempting internal generator.
CREATE UNIQUE INDEX USER_GROUP_ID_PK ON USER_GROUP (USER_GROUP_ID ASC) 
LOGGING 
TABLESPACE SYSTEM 
PCTFREE 10 
INITRANS 2 
STORAGE 
( 
  INITIAL 65536 
  NEXT 1048576 
  MINEXTENTS 1 
  MAXEXTENTS UNLIMITED 
  FREELISTS 1 
  FREELIST GROUPS 1 
  BUFFER_POOL DEFAULT 
) 
NOPARALLEL
-- Unable to render INDEX DDL for object TIME_TRACKER.MEDIUM_ID_PK with DBMS_METADATA attempting internal generator.
CREATE UNIQUE INDEX MEDIUM_ID_PK ON MEDIUM (MEDIUM_ID ASC) 
LOGGING 
TABLESPACE SYSTEM 
PCTFREE 10 
INITRANS 2 
STORAGE 
( 
  INITIAL 65536 
  NEXT 1048576 
  MINEXTENTS 1 
  MAXEXTENTS UNLIMITED 
  FREELISTS 1 
  FREELIST GROUPS 1 
  BUFFER_POOL DEFAULT 
) 
NOPARALLEL
-- Unable to render INDEX DDL for object TIME_TRACKER.USERID_PK with DBMS_METADATA attempting internal generator.
CREATE UNIQUE INDEX USERID_PK ON USERS (USERNAME ASC) 
LOGGING 
TABLESPACE SYSTEM 
PCTFREE 10 
INITRANS 2 
STORAGE 
( 
  INITIAL 65536 
  NEXT 1048576 
  MINEXTENTS 1 
  MAXEXTENTS UNLIMITED 
  FREELISTS 1 
  FREELIST GROUPS 1 
  BUFFER_POOL DEFAULT 
) 
NOPARALLEL
-- Unable to render INDEX DDL for object TIME_TRACKER.USER_GROUP_NAME_UNIQUE with DBMS_METADATA attempting internal generator.
CREATE UNIQUE INDEX USER_GROUP_NAME_UNIQUE ON USER_GROUP (USER_GROUP_NAME ASC) 
LOGGING 
TABLESPACE SYSTEM 
PCTFREE 10 
INITRANS 2 
STORAGE 
( 
  INITIAL 65536 
  NEXT 1048576 
  MINEXTENTS 1 
  MAXEXTENTS UNLIMITED 
  FREELISTS 1 
  FREELIST GROUPS 1 
  BUFFER_POOL DEFAULT 
) 
NOPARALLEL
